state,county,capture_outcome,reason,evidence
FL,Bay,SOURCE_EMPTY,Official pages read; they describe the auction only - no Lands Available purchase step,runs 36858070184 / 36865836152 (docs/available-ledger.md 13.5)
FL,Miami-Dade,SOURCE_EMPTY,Official pages read; they describe the auction only - no Lands Available purchase step,runs 36858070184 / 36865836152 (docs/available-ledger.md 13.5)
FL,Polk,SOURCE_EMPTY,Official pages read; they describe the auction only - no Lands Available purchase step,runs 36858070184 / 36865836152 (docs/available-ledger.md 13.5)
FL,Putnam,SOURCE_EMPTY,Official pages read; they describe the auction only - no Lands Available purchase step,runs 36858070184 / 36865836152 (docs/available-ledger.md 13.5)
FL,Hillsborough,SOURCE_EMPTY,States the purchase terms after 90 days but no first action / office / contact,runs 36858070184 / 36865836152 (docs/available-ledger.md 13.5)
FL,Indian River,SOURCE_PARSE_FAILED,Process wording not in the captured text (rendered by script / in a widget) on two captures,runs 36858070184 / 36865836152 (docs/available-ledger.md 13.5)
FL,St. Lucie,SOURCE_PARSE_FAILED,Process wording not in the captured text (rendered by script / in a widget) on two captures,runs 36858070184 / 36865836152 (docs/available-ledger.md 13.5)
FL,Escambia,SOURCE_UNAVAILABLE,HTTP 403 to the runner on every candidate page,runs 36858070184 / 36865836152 (docs/available-ledger.md 13.5)
FL,Hendry,SOURCE_UNAVAILABLE,HTTP 403 to the runner on every candidate page,runs 36858070184 / 36865836152 (docs/available-ledger.md 13.5)
FL,Lee,SOURCE_UNAVAILABLE,HTTP 403 to the runner on every candidate page,runs 36858070184 / 36865836152 (docs/available-ledger.md 13.5)
FL,Osceola,SOURCE_UNAVAILABLE,HTTP 403 to the runner on every candidate page,runs 36858070184 / 36865836152 (docs/available-ledger.md 13.5)
FL,Palm Beach,SOURCE_UNAVAILABLE,HTTP 403 to the runner on every candidate page,runs 36858070184 / 36865836152 (docs/available-ledger.md 13.5)
FL,Sarasota,SOURCE_UNAVAILABLE,HTTP 403 to the runner on every candidate page,runs 36858070184 / 36865836152 (docs/available-ledger.md 13.5)
FL,Gadsden,NO_SOURCE_FOUND,No official page found,runs 36858070184 / 36865836152 (docs/available-ledger.md 13.5)
TX,Liberty,SOURCE_EMPTY,County pages carry foreclosure notices only,runs 36858070184 / 36865836152 (docs/available-ledger.md 13.5)
TX,Jim Wells,SOURCE_EMPTY,County pages carry foreclosure notices only; the City of Alice page points to the counsel's site,runs 36858070184 / 36865836152 (docs/available-ledger.md 13.5)
TX,Leon,SOURCE_EMPTY,Only a 2020 sale notice and the Comptroller's office directory - no resale process,runs 36858070184 / 36865836152 (docs/available-ledger.md 13.5)
TX,Hardin,SOURCE_EMPTY,A 2024 commissioners-court resale resolution only - no buyer instructions,runs 36858070184 / 36865836152 (docs/available-ledger.md 13.5)
TX,Van Zandt,SOURCE_EMPTY,The county page read carries no struck-off / resale text,runs 36858070184 / 36865836152 (docs/available-ledger.md 13.5)
TX,Maverick,SOURCE_EMPTY,CAD portal only; the trust-property list is a blocked vendor's,runs 36858070184 / 36865836152 (docs/available-ledger.md 13.5)
TX,Goliad,SOURCE_EMPTY,Tax office page only,runs 36858070184 / 36865836152 (docs/available-ledger.md 13.5)
