state,source_id,county,status,basis,reason,attempted_on,run_id,document_url
FL,fl_laft_pioneer,Bay,NOT_FOUND,capture,Official pages read describe the auction only - no Lands Available purchase step,2026-10-01,36858070184 36865836152,
FL,fl_laft_realtdm,Miami-Dade,NOT_FOUND,capture,Official pages read describe the auction only - no Lands Available purchase step,2026-10-01,36858070184 36865836152,
FL,fl_laft_realtdm,Polk,NOT_FOUND,capture,Official pages read describe the auction only - no Lands Available purchase step,2026-10-01,36858070184 36865836152,
FL,fl_laft_html,Putnam,NOT_FOUND,capture,Official pages read describe the auction only - no Lands Available purchase step,2026-10-01,36858070184 36865836152,
FL,fl_laft_hillsborough,Hillsborough,NEEDS_REVIEW,capture,The Clerk page states the purchase terms after 90 days but names no first action office or contact,2026-10-01,36858070184 36865836152,
FL,fl_laft_html,Indian River,NEEDS_REVIEW,capture,The process wording is rendered by script and was not in the captured text (twice),2026-10-01,36858070184 36865836152,
FL,fl_laft_stlucie,St. Lucie,NEEDS_REVIEW,capture,The process wording is rendered by script and was not in the captured text (twice),2026-10-01,36858070184 36865836152,
FL,fl_laft_html,Escambia,UNAVAILABLE,capture,Every official candidate page returned HTTP 403 to the capture runner,2026-10-01,36858070184 36865836152,
FL,fl_laft_pdfs,Hendry,UNAVAILABLE,capture,Every official candidate page returned HTTP 403 to the capture runner,2026-10-01,36858070184 36865836152,
FL,fl_laft_realtdm,Lee,UNAVAILABLE,capture,Every official candidate page returned HTTP 403 to the capture runner,2026-10-01,36858070184 36865836152,
FL,fl_laft_osceola,Osceola,UNAVAILABLE,capture,Every official candidate page returned HTTP 403 to the capture runner,2026-10-01,36858070184 36865836152,
FL,fl_laft_pioneer,Palm Beach,UNAVAILABLE,capture,Every official candidate page returned HTTP 403 to the capture runner,2026-10-01,36858070184 36865836152,
FL,fl_laft_realtdm,Sarasota,UNAVAILABLE,capture,Every official candidate page returned HTTP 403 to the capture runner,2026-10-01,36858070184 36865836152,
FL,fl_laft_html,Gadsden,NOT_FOUND,capture,No official Lands Available process page found,2026-10-01,36858070184 36865836152,
TX,tx_lgbs,Liberty,NOT_FOUND,capture,County pages carry foreclosure notices only - no resale process,2026-10-01,36858070184 36865836152,
TX,tx_lgbs,Jim Wells,NOT_FOUND,capture,County pages carry foreclosure notices only; the city page points to the delinquent-tax counsel,2026-10-01,36858070184 36865836152,
TX,tx_lgbs,Leon,NOT_FOUND,capture,Only an old sale notice and the Comptroller's office directory - no resale process,2026-10-01,36858070184 36865836152,
TX,tx_lgbs,Hardin,NOT_FOUND,capture,A commissioners-court resale resolution only - no buyer instructions,2026-10-01,36858070184 36865836152,
TX,tx_lgbs,Van Zandt,NOT_FOUND,capture,The county page read carries no struck-off or resale text,2026-10-01,36858070184 36865836152,
TX,tx_lgbs,Maverick,NOT_FOUND,capture,Appraisal-district portal only; the trust-property list is a blocked vendor's,2026-10-01,36858070184 36865836152,
TX,tx_lgbs,Goliad,NOT_FOUND,capture,Tax office page only - no resale process,2026-10-01,36858070184 36865836152,
MI,mi_detroit_landbank_lots,Wayne,NEEDS_REVIEW,document_read,The DLBA Vacant Land Policy (October 2023) was read: Side / Neighborhood / Oversized lots are sold by application to qualifying adjacent owner-occupants at policy prices. Whether that policy is still current and how Marketed Lots are sold is not verified,2026-10-03,,https://dlba-production-bucket.s3.us-east-2.amazonaws.com/DLBA+Policies/POLICIES+-+Vacant+Land+Policy+(FINAL+Oct+2023).pdf
MI,mi_detroit_landbank_programs,Wayne,NEEDS_REVIEW,search_index,The DLBA's program pages (Own It Now and renovation programs) were found through the search index only - not read,2026-10-06,,
MO,mo_stl_lra_inventory,St. Louis City,NEEDS_REVIEW,search_index,The LRA's Offer to Purchase page and the City's Purchase City-Owned Property page were found through the search index only (offer submitted in person by appointment) - not read,2026-10-06,,
PA,pa_fayette_repository,Fayette,NEEDS_REVIEW,search_index,The Tax Claim Bureau's Repository Sale page and repository FAQ were found through the search index only (sealed bid form and notarized affidavit) - not read,2026-10-06,,
MN,mn_ramsey_tax_forfeit,Ramsey,NEEDS_REVIEW,search_index,Ramsey County's over-the-counter property list and sale terms pages were found through the search index only - not read,2026-10-06,,
