state,county,url,found_via,note
FL,Alachua,https://alachuacounty.us/Depts/Clerk/TaxDeeds/Pages/TaxDeedSales.aspx,web search 2026-10-02,Clerk tax deed sales page
FL,Bay,https://www.baycoclerk.com/public-records/property-sales/tax-deed-auctions/,web search 2026-10-02,Clerk tax deed auctions page
FL,Brevard,https://www.brevardclerk.us/tax-deeds,web search 2026-10-02,Clerk tax deeds and auctions page
FL,Brevard,https://www.brevardclerk.us/faqs-tax,web search 2026-10-02,Clerk tax deed / auction FAQ
FL,Broward,https://broward.deedauction.net/doc/tax_deed/faq,web search 2026-10-02,County tax deed auction site FAQ (vendor-hosted)
FL,Broward,https://broward.deedauction.net/doc/tax_deed/rules,web search 2026-10-02,County tax deed auction site rules (vendor-hosted)
FL,Charlotte,https://charlotteclerk.com/departments/taxdeed/,web search 2026-10-02,Clerk tax deed department page
FL,Charlotte,https://charlotteclerk.com/faq/faqtaxdeed/,web search 2026-10-02,Clerk tax deed FAQ
FL,Citrus,https://www.citrusclerk.org/207/Tax-Deeds,web search 2026-10-02,Clerk tax deeds page
FL,Clay,https://clayclerk.com/departments/recording/tax-deeds/,web search 2026-10-02,Clerk tax deeds page
FL,DeSoto,https://www.desotoclerk.com/public-sales/tax-deeds/,web search 2026-10-02,Clerk tax deeds page
FL,Duval,https://www2.duvalclerk.com/departments/tax-deeds/,web search 2026-10-02,Clerk tax deeds page
FL,Escambia,https://www.escambiaclerk.com/362/Tax-Deeds,web search 2026-10-02,Clerk tax deeds page
FL,Flagler,https://flaglerclerk.gov/sales/tax-deeds-sales/,web search 2026-10-02,Clerk tax deed sales page
FL,Hendry,https://www.hendryclerk.org/tax-deeds/,web search 2026-10-02,Clerk tax deeds page
FL,Hernando,https://hernandoclerk.com/additional-services/tax-deeds/,web search 2026-10-02,Clerk tax deeds page
FL,Highlands,https://www.highlandsclerkfl.gov/clerk_to_the_board/tax_deeds/sale_rules.php,web search 2026-10-02,Clerk tax deed sale rules
FL,Highlands,https://www.highlandsclerkfl.gov/clerk_to_the_board/tax_deeds/index.php,web search 2026-10-02,Clerk tax deeds page
FL,Hillsborough,https://www.hillsclerk.com/taxdeeds,web search 2026-10-02,Clerk tax deed sales page
FL,Indian River,https://indianriverclerk.com/recording-services/tax-deed-faqs/,web search 2026-10-02,Clerk tax deed FAQ
FL,Jackson,https://www.jacksonclerk.com/tax-deed-sales/,web search 2026-10-02,Clerk tax deed sales page
FL,Lake,https://www.lakecountyclerkfl.gov/departments/records-administrative-services/official-records/tax-deeds/tax-deed-faqs/,web search 2026-10-02,Clerk tax deed FAQ
FL,Lake,https://www.lakecountyclerkfl.gov/sp_faq/how-does-the-online-auction-work/,web search 2026-10-02,Clerk online auction FAQ
FL,Lee,https://www.leeclerk.org/departments/courts/property-sales/tax-deed-sales,web search 2026-10-02,Clerk tax deed sales page
FL,Leon,https://leonclerk.com/divisions/property-sales/tax-deeds/,web search 2026-10-02,Clerk tax deeds page
FL,Manatee,https://www.manateeclerk.com/departments/tax-deeds/,web search 2026-10-02,Clerk tax deeds page
FL,Manatee,https://www.manateeclerk.com/departments/tax-deeds/frequently-asked-questions/,web search 2026-10-02,Clerk tax deed FAQ
FL,Marion,https://www.marioncountyclerk.org/departments/records-recording/tax-deeds-and-lands-available-for-taxes/tax-deed-sales/,web search 2026-10-02,Clerk tax deed sales page
FL,Martin,https://www.martinclerk.com/258/Tax-Deeds,web search 2026-10-02,Clerk tax deeds page
FL,Miami-Dade,https://www.miamidadeclerk.gov/clerk/property-tax-deeds.page,web search 2026-10-02,Clerk property tax deeds page
FL,Nassau,https://www.nassauclerk.com/190/View-Tax-Deed-Sales-and-Foreclosures,web search 2026-10-02,Clerk tax deed sales page
FL,Orange,https://www.occompt.com/191/Tax-Deed-Sales,web search 2026-10-02,Comptroller tax deed sales page
FL,Orange,https://www.occompt.com/Faq.aspx?TID=18,web search 2026-10-02,Comptroller tax deed FAQ
FL,Osceola,https://osceolaclerk.com/tax-deeds/,web search 2026-10-02,Clerk tax deed records and sales
FL,Palm Beach,https://www.mypalmbeachclerk.com/departments/courts/tax-deeds/sale-information,web search 2026-10-02,Clerk tax deed sale information
FL,Pasco,https://www.pascoclerk.com/201/Tax-Deed-Sales,web search 2026-10-02,Clerk tax deed sales page
FL,Pasco,https://www.pascoclerk.com/301/Bid-Registration,web search 2026-10-02,Clerk bid registration page
FL,Pinellas,https://www.pinellastaxcollector.gov/property-tax/faq/,web search 2026-10-02,Tax Collector FAQ (tax deed bidder registration)
FL,Polk,https://www.polkclerkfl.gov/189/Tax-Deeds,web search 2026-10-02,Clerk tax deeds page
FL,Putnam,https://putnamclerk.com/tax-deed-sales/,web search 2026-10-02,Clerk tax deed sales page
FL,St. Lucie,https://stlucieclerk.gov/services/auctions/tax-deeds,web search 2026-10-02,Clerk tax deed auctions page
FL,Santa Rosa,https://srctc.com/real-estate/tax-deed-information/,web search 2026-10-02,Tax Collector tax deed information
FL,Sarasota,https://www.sarasotaclerk.com/Home-and-Property/Tax-Deeds/Tax-Deed-Auctions/Tax-Deed-Auction-FAQs,web search 2026-10-02,Clerk tax deed auction FAQ
FL,Seminole,https://www.seminoleclerk.org/tax-deed-sales/,web search 2026-10-02,Clerk tax deed sales page
FL,Suwannee,https://www.suwgov.org/tax-deed-sales/,web search 2026-10-02,Clerk tax deed sales page
FL,Volusia,https://www.clerk.org/tax-deeds.aspx,web search 2026-10-02,Clerk tax deeds page
FL,Walton,https://waltonclerkfl.gov/?SEC=EBA848E5-D394-46CF-AC0B-FA31EFCDD6DA&DE=D5CBEE70-15FC-4681-AF81-1494FB3103AA,web search 2026-10-02,Clerk tax deed sales page
FL,Washington,https://www.washingtonclerk.com/public-sales/tax-deeds/,web search 2026-10-02,Clerk tax deeds page
MI,Lenawee,https://www.lenawee.mi.us/712/Tax-Sale,five-state evidence pass 1,Treasurer tax sale page
MI,Eaton,https://www.eatoncounty.org/1530/2026-Foreclosure-Sale,five-state evidence pass 2,Treasurer 2026 foreclosure sale page
WY,Albany,https://www.albanycountywy.gov/299/Tax-Lien-Sale,six-state evidence,Treasurer tax lien sale page
WY,Albany,https://www.albanycountywy.gov/300/Tax-Sale-Listings,six-state evidence,Treasurer tax sale listings page
SC,York,https://www.yorkcountysc.gov/216/Tax-Collection,five-state evidence,Tax Collection page
SC,York,https://www.yorkcountysc.gov/DocumentCenter/View/3590/2026-Tax-Sale-Information,five-state evidence,2026 tax sale information document
SC,York,https://www.yorkcountysc.gov/DocumentCenter/View/5241/Tax-Sale-Fact-Sheet,five-state evidence,Tax sale fact sheet and disclaimer
TX,Galveston,https://sheriff.galvestoncountytx.gov/Forms/Sale/Sheriff_Sale_Procedures.pdf,acquisition capture run 36858070184,Sheriff sale information and procedures (PDF)
TX,Galveston,https://sheriff.galvestoncountytx.gov/Forms/Sale/sheriff_sale_rules.pdf,acquisition capture run 36858070184,Sheriff sale rules (PDF)
TX,Galveston,https://www.galvestoncountytx.gov/our-county/tax-assessor-collector/property-tax/sheriff-sale-information,web search 2026-10-02,Tax Assessor-Collector sheriff sale information
TX,Dallas,https://www.dallascounty.org/departments/tax/sheriff-sales.php,web search 2026-10-02,Tax Office sheriff sales / tax foreclosure resales
TX,Smith,https://www.smith-county.com/354/Sheriff-Sale-Auctions,web search 2026-10-02,County sheriff sale auctions page
TX,Smith,https://www.smithcountysheriff.com/tax-foreclosure-auctions,web search 2026-10-02,Sheriff tax foreclosure auctions page
TX,Matagorda,https://www.matagordatx.gov/upload/page/0079/Online%20Tax%20Sale%20Instructions.pdf,web search 2026-10-02,County online tax sale instructions (PDF)
TX,Travis,https://tax-office.traviscountytx.gov/properties/foreclosed/faq,web search 2026-10-02,Tax Office foreclosed properties FAQ
TX,Travis,https://tax-office.traviscountytx.gov/properties/foreclosed,web search 2026-10-02,Tax Office foreclosed properties page
TX,Victoria,https://www.victoriacountytx.gov/389/Tax-Sale-Properties,web search 2026-10-02,County tax sale properties page
TX,Caldwell,https://caldwellcounty.texas.gov/records/sheriffs-tax-sale,web search 2026-10-02,County sheriff's tax sale page
TX,Atascosa,https://co.atascosa.tx.us/district-clerk/,web search 2026-10-02,District Clerk page (tax sale section)
TX,Nueces,https://www.nuecesco.com/county-services/tax-assessor-collector/faq-property-tax,web search 2026-10-02,Tax Assessor-Collector FAQ
