state,source_id,county,method,platform_url,registration_required,registration_url,registration_deadline,deposit,payment_methods,payment_deadline,bidder_requirements,id_requirement,sale_location,sale_time,sale_date,sale_date_applies,next_sale_date,office,phone,email,address,steps,instructions_url,evidence_url,evidence_type,source_title,observed_on,review_state,enabled,notes
FL,fl_realauction,Alachua,online,https://alachua.realtaxdeed.com/,,,,"Advance deposit of $200.00 or 5% of the bid, whichever is greater, before bidding; hand-delivered deposits before 3 pm on the last business day before the sale; ACH at least 4 days in advance; non-refundable","Deposit: cash, money order, certified check, cashier's check or wire (no personal checks); winning bid: cash, cashier's check, wire, or Realauction collected funds if available","Winning bid, recording fees, deposit fee and documentary stamps within 24 hours of sale",Name for title must be set before bidding; it cannot be changed after bidding is over,,,10:00 a.m.,,,,Clerk of the Court - Tax Deed Coordinator,(352) 374-3615,taxdeeds@alachuaclerk.org,,"Post an advance deposit of $200 or 5% of the bid, whichever is greater | Set the name for title before bidding | Bid online at alachua.realtaxdeed.com | Pay the winning bid, recording fees, deposit fee and documentary stamps within 24 hours of sale",,https://alachuacounty.us/Depts/Clerk/TaxDeeds/Pages/TaxDeedSales.aspx,county_page,Tax Deed Sales,2026-10-02,verified,yes,"Corroborated by /Depts/Clerk/TaxDeeds (same text) and SaleName.aspx (name on title). Sale host stated without scheme (alachua.realtaxdeed.com); deposit sentence names alachua.taxdeed.com. Captured by scripts/capture_auction_process.py (job=evidence, evidence_scope=auction_process, run 36960322323); fields reviewed against the captured sentences."
FL,fl_realauction,Bay,,https://bay.realtaxdeed.com/,yes,,Registration and deposits must be placed in advance; registration by mail is not possible,,,,,,,,,,,Recording Department,(850) 747-5100 opt 3,,,Register in advance on the online auction system at bay.realtaxdeed.com (not by mail) | Place your deposit in advance of the auction,,https://www.baycoclerk.com/public-records/property-sales/tax-deed-auctions/,county_page,Tax Deed Auctions | Bay County Clerk of Court & Comptroller,2026-10-02,verified,yes,"Method left blank: tax deed page points to online system bay.realtaxdeed.com, but records2.baycoclerk.com/TaxDeed/ lists dates under 'Tax Deed Auctions conducted On Site (Local at Courthouse)'. Foreclosure-page payment rules not used. Captured by scripts/capture_auction_process.py (job=evidence, evidence_scope=auction_process, run 36960322323); fields reviewed against the captured sentences."
FL,fl_realauction,Brevard,online,,,,,,,,,,,,,,,Clerk of Court - Tax Deed Clerks,(321) 637-2007,taxdeedclerks@brevardclerk.us,"Brevard County Clerk of Court, PO Box 219, Titusville, FL 32781-0219, Attn: Tax Deed Clerks",,,https://www.brevardclerk.us/tax-deeds,county_page,Tax Deeds & Auctions | Brevard County Clerk of Court,2026-10-02,verified,yes,"Method from 'RealAuction Online Tax Deed Auctions' / 'Browse Online Tax Deed Auctions on our RealForeclose website'. Phone from surplus-claim PDF (Tax Deed Department). Address is the mailing address for bid-amount requests. Captured by scripts/capture_auction_process.py (job=evidence, evidence_scope=auction_process, run 36960322323); fields reviewed against the captured sentences."
FL,fl_realauction,Citrus,online,,yes,,,"$200 or 5% of the bidder's maximum bid, whichever is greater, for each property, posted before the auction; must be settled to the bidder account by 4:00 pm the day before the sale","Wire transfer ($5.00 fee per wire deposit), cashier's check, money order, cash, or from the bidder's Real Auction deposit; in person with certified funds at the Citrus County Courthouse",Full payment within 24 hours of the advertised auction time,"Cash transactions over $10,000.00 require IRS form 8300; deed issued in the name on title set on the Real Auction website",,,,,,,Clerk of the Circuit Court and Comptroller - Tax Deeds Department,(352) 341-6478,TaxDeeds@CitrusClerk.org,"Citrus County Clerk of Courts, Attn: Tax Deeds, 110 N. Apopka Avenue, Inverness, FL 34450","Register on the Real Auction website | Post a deposit of $200 or 5% of your maximum bid, whichever is greater, by 4:00 pm the day before the sale | Bid in the electronic auction | Pay in full within 24 hours of the advertised auction time",,https://www.citrusclerk.org/207/Tax-Deeds,county_page,"Tax Deeds | Citrus County Clerk of Courts, FL",2026-10-02,verified,yes,"Phone and address from the surplus-claim affidavit PDF (Tax Deeds Department). Courthouse address on the main page is truncated ('110 N.'). Captured by scripts/capture_auction_process.py (job=evidence, evidence_scope=auction_process, run 36960322323); fields reviewed against the captured sentences."
FL,fl_realauction,Clay,online,,yes,,,,,,,,,,,,,Clerk of the Court,,taxdeedinfo@clayclerk.com,,Visit the Tax Deed Sales website to begin registration | Check the Search Tax Deeds & Lands Available website before the sale for the opening bid amount,,https://clayclerk.com/departments/recording/tax-deeds/,county_page,Tax Deeds | Clay County Clerk of Court,2026-10-02,verified,yes,"landmark.clayclerk.com/TaxDeed/ lists dates at 9:30 AM without a label saying they are sale times, so sale_time left blank. E-mail is given for List of Lands inquiries. No sale-site URL stated. Captured by scripts/capture_auction_process.py (job=evidence, evidence_scope=auction_process, run 36960322323); fields reviewed against the captured sentences."
FL,fl_realauction,DeSoto,in_person,,yes,,Arrive by 10:30 AM on sale day to register,Bring 5% of your highest bid to register,,,Complete the Bidder Information Sheet to bid,,Inside the building; enter on the east side,11:00 AM,,,,"DeSoto County Clerk of Court, Tax Deed Department",(863) 993-4876,,,Arrive by 10:30 AM to register | Bring 5% of your highest bid | Complete the Bidder Information Sheet | Enter the building on the east side; sales start at 11:00 AM,,https://www.desotoclerk.com/public-sales/tax-deeds/,county_page,Tax Deeds,2026-10-02,verified,yes,"Same text on /clerk-services/tax-deeds/. Building address not stated. Phone sentence concerns List of Lands purchases (Tax Deed Department). Captured by scripts/capture_auction_process.py (job=evidence, evidence_scope=auction_process, run 36960322323); fields reviewed against the captured sentences."
FL,fl_realauction,Duval,online,https://duval.realtaxdeed.com/,,,,"Non-refundable 5% of the bid or $200, whichever is greater, posted by the high bidder no later than 4:00 p.m.","Cashier's check, certified check, bank wire, or money order, in the Tax Deeds Department at the Duval County Courthouse",Bid amount and all deed filing fees by 4:00 p.m.,"Cash transactions over $10,000 require IRS form 8300; deed recorded in the name on title set on the Real Auction website",,,,,,,Clerk's Office - Tax Deeds Department,,ask.taxdeeds@duvalclerk.com,,"Bid on duval.realtaxdeed.com | If high bidder, post a non-refundable deposit of 5% of the bid or $200, whichever is greater, by 4:00 p.m. | Pay the bid amount and deed filing fees by 4:00 p.m.",,https://www.duvalclerk.com/departments/county-services/tax-deed-files,county_page,Duvalclerk.gov - Tax Deeds,2026-10-02,verified,yes,"Both 4:00 p.m. sentences are truncated in the capture; the day is not stated. E-mail sentence concerns List of Lands statements. Two page phones not attributed, left blank. Captured by scripts/capture_auction_process.py (job=evidence, evidence_scope=auction_process, run 36960322323); fields reviewed against the captured sentences."
FL,fl_realauction,Hernando,online,https://www.hernando.realtaxdeed.com/,,,,"Non-refundable deposit of 5% of the bid or $200.00, whichever is greater, by the highest bidder at the time of sale","Cash, cashier's check or money order at the Clerk's Office (no personal checks); disclaimer page also lists wire transfer","Remaining balance within 24 hours of sale, or the deposit is forfeited",,,,10:00 a.m.,,,,Clerk of Circuit Court & Comptroller - Recording Division,(352)540-6768,,,"Bid online at www.hernando.realtaxdeed.com (sales start at 10:00 a.m.) | If highest bidder, pay a non-refundable deposit of 5% of the bid or $200, whichever is greater | Pay the remaining balance within 24 hours of sale",,https://hernandoclerk.com/additional-services/tax-deeds/,county_page,Tax Deeds – Hernando County Clerk of Circuit Court & Comptroller,2026-10-02,verified,yes,"Corroborated by tax-deed-file-search disclaimer page (deposit, 24 h, wire transfer, 1-year ban; Tax Deed Division (352) 540-6772). Captured by scripts/capture_auction_process.py (job=evidence, evidence_scope=auction_process, run 36960322323); fields reviewed against the captured sentences."
FL,fl_realauction,Highlands,online,https://highlands.realtaxdeed.com/,yes,,Register online at the auction site prior to the auction,"$200.00 or 5% of the highest bid, whichever is greater, per property; online advance deposits at least 3 full business days before the auction, or over the counter by 2:00 p.m. the day before","Deposits online through the auction website, or over the counter by cashier's check, money order or cash; wire transfer confirmations to be shared promptly with the Tax Deeds department",,,,,"10:00 a.m. (designated Wednesdays, from January 2026)",,,,Clerk and Comptroller - Tax Deeds department,,,,"Register online at the auction site before the auction | Place a deposit of $200 or 5% of the highest bid per property (online 3 full business days ahead, or over the counter by 2:00 p.m. the day before) | Bid at the online sale on the designated Wednesday from 10:00 a.m.",,https://www.highlandsclerkfl.gov/clerk_to_the_board/tax_deeds/sale_rules.php,county_page,Sale Rules,2026-10-02,verified,yes,"Method, platform URL and 10:00 a.m. time from the Tax Deeds index page (tax_deeds/index.php). Page phone not tied to tax deeds in any sentence; left blank. Payment deadline not stated. Captured by scripts/capture_auction_process.py (job=evidence, evidence_scope=auction_process, run 36960322323); fields reviewed against the captured sentences."
FL,fl_realauction,Hillsborough,online,,,,,"Nonrefundable 5% of the bid or $200, whichever is greater, posted prior to bidding for the parcel","Through the online sales site, or in person with cash or cashier's check payable to Clerk of the Circuit Court","Payment in full, including documentary stamps and recording fees, by 10 a.m. the next business day",,,,10:00 a.m. (Thursdays),,,,Clerk's Office - Tax Deed Department,,,,"Visit the online sales site before bidding to learn its requirements | Post a nonrefundable deposit of 5% of the bid or $200 (whichever is greater) before bidding | Bid at the online sale (Thursdays, 10:00 a.m.) | Pay in full with documentary stamps and recording fees by 10 a.m. the next business day",,https://www.hillsclerk.com/taxdeeds,county_page,Tax Deed Sales - Hillsclerk,2026-10-02,verified,yes,"Identical text at /Additional-Services/Tax-Deed-Sales. Sale-site URL not written out (link text only). Page phone (813) 276-8100 is a general clerk number, not stated as tax-deed contact; left blank. Captured by scripts/capture_auction_process.py (job=evidence, evidence_scope=auction_process, run 36960322323); fields reviewed against the captured sentences."
FL,fl_realauction,Indian River,online,https://indianriver.realtaxdeed.com,yes,,,"$200.00 or 5%, whichever is higher, for each item you anticipate winning (a $200 deposit covers up to a $4,000 bid)","Wire transfer, cash, cashier's check or money order",Full payment received by the Clerk's Office within 24 hours of the sale,,,,,,,,Clerk of the Circuit Court & Comptroller,,,,Register on the sale site to get a username and password | Place a deposit of $200 or 5% (whichever is higher) for each item you anticipate winning | Bid at the online sale | Pay in full within 24 hours of the sale,,https://indianriverclerk.com/recording-services/tax-deed-faqs/,county_faq,Tax Deed FAQ's - Indian River Clerk of the Circuit Court & Comptroller,2026-10-02,verified,yes,"Same FAQ also has older-looking lines ('remain until the auction is complete', 'cash or certified funds' only, 'no later than 10:00 a.m.'); conflicting - verify. Tax Deeds page corroborates Clerk role. Phones/email are general. Captured by scripts/capture_auction_process.py (job=evidence, evidence_scope=auction_process, run 36960322323); fields reviewed against the captured sentences."
FL,fl_realauction,Jackson,online,,yes,,,,,,,,,,,,,Clerk of the Circuit Court & Comptroller,,,,"Register at jackson.realtaxdeed.com | View bidding instructions and the properties set for sale | Make deposits, place bids and make payments on the site",,https://www.jacksonclerk.com/tax-deed-sales/,county_page,"Tax Deed Sales | Jackson County, FL | Clerk of the Circuit Court & Comptroller",2026-10-02,verified,yes,"Online through Real Auction since December 14, 2021. Sale site given as jackson.realtaxdeed.com without https, so platform_url blank. Same text at /clerk-services/tax-deed-sales/. No deposit/payment terms on captured pages. Captured by scripts/capture_auction_process.py (job=evidence, evidence_scope=auction_process, run 36960322323); fields reviewed against the captured sentences."
FL,fl_realauction,Lake,online,https://www.lake.realtaxdeed.com/,yes,,Registered on the site by the day before the sale,"$200 or 5% of the winning bid, whichever is greater, per item you anticipate winning; received by the Clerk's Office by 4 p.m. Eastern the day before the sale","Cash, cashier's check (no more than two months from issue date), U.S. Postal money order, payment from deposit balance, wire transfer; ACH not accepted",Full payment received by the Clerk's Office within 24 hours after the time of the sale,Name on deposit/payment must match the individual or business name on the bidder account,,,11:15 a.m. (generally Tuesdays; check the online calendar),,,,Clerk's Office,,,,Register at www.lake.realtaxdeed.com by the day before the sale | Place a deposit of $200 or 5% of the winning bid per item by 4 p.m. Eastern the day before | Bid at the online sale | Pay in full within 24 hours after the sale,,https://www.lakecountyclerkfl.gov/departments/records-administrative-services/official-records/tax-deeds/tax-deed-faqs/,county_faq,Tax Deed Sales – Frequently Asked Questions,2026-10-02,verified,yes,"Corroborated by 'How does the online auction work?' FAQ (register by the day before; deposit before sale). Page phones not tied to tax deeds in a sentence; left blank. Captured by scripts/capture_auction_process.py (job=evidence, evidence_scope=auction_process, run 36960322323); fields reviewed against the captured sentences."
FL,fl_realauction,Leon,,,,,,,,,,,,,,,,Clerk of the Circuit Court and Comptroller - Tax Deeds Staff,(850) 606-4020,Clerk_TaxDeedAdmin@leoncountyfl.gov,,Investigate the property and its title thoroughly before bidding | Bid at the public auction; the property is sold to the highest bidder | Pay the amount bid and all fees; a tax deed is then recorded,,https://leonclerk.com/divisions/property-sales/tax-deeds/,county_page,Tax Deeds,2026-10-02,verified,yes,"Page says 'public auction' but not whether online or in person; method blank. No deposit/payment deadline on captured pages. Lands-available legacy page returned 403. Captured by scripts/capture_auction_process.py (job=evidence, evidence_scope=auction_process, run 36960322323); fields reviewed against the captured sentences."
FL,fl_realauction,Manatee,online,,,,,$200 or 5% per sale; walk-in deposits must be made before one hour prior to the sale; online ACH deposits at least 4-5 business days before the sale,,,,,,,,,,Clerk - Tax Deed Department,941-741-4058,,,"Check the sale calendar at www.manatee.realforeclose.com | Place a deposit of $200 or 5% per sale (ACH 4-5 business days before; walk-in no later than one hour before) | Bid online at www.manatee.realforeclose.com following the site's deposit, bidding and payment instructions",,https://www.manateeclerk.com/departments/tax-deeds/,county_page,Tax Deeds,2026-10-02,verified,yes,"Sale site given as www.manatee.realforeclose.com without https; platform_url blank. Phone from 'Tax Deed Department can be reached at 941-741-4058' (Lands Available page). FAQ: computers at Clerk's office in Historical Courthouse; payment terms on vendor site. Captured by scripts/capture_auction_process.py (job=evidence, evidence_scope=auction_process, run 36960322323); fields reviewed against the captured sentences."
FL,fl_realauction,Marion,online,,yes,,,"Non-refundable; $200 per parcel when the winning bid is $4,000 or less, otherwise 5% of the winning bid; must be in the bidder's account on the Monday before the auction","Deposit: certified funds, cashier's check or wire transfer. Balance: certified check or cashier's check; wire transfer must include a $6 fee; no personal checks, trustee account checks or credit cards","Bid amount, documentary stamps and recording fees due within 24 hours",,,,,,,,Clerk of Court and Comptroller - Tax Deeds,(352) 671-5648,,,"Register at marion.realtaxdeed.com | Have the non-refundable deposit in your bidder account by the Monday before the auction | Bid at the online sale | Pay bid amount, documentary stamps and recording fees within 24 hours",,https://www.marioncountyclerk.org/departments/records-recording/tax-deeds-and-lands-available-for-taxes/,county_page,Tax Deeds | Marion County Clerk of Court and Comptroller,2026-10-02,verified,yes,"Tax Deed Sales subpage corroborates online via RealAuction. Sale site written without https; platform_url blank. Phone is the Tax Deeds page's own contact line, location '(AB) 1st Floor, Room 125' (no street address given). Captured by scripts/capture_auction_process.py (job=evidence, evidence_scope=auction_process, run 36960322323); fields reviewed against the captured sentences."
FL,fl_realauction,Martin,online,,,,,"Nonrefundable 5% of the total sale or $200, whichever is greater, posted by the successful high bidder at the time of the sale",Personal checks and credit cards not accepted,Balance of final bid plus documentary stamp tax and recording fees within 24 hours of the sale,,,,"10 a.m., or as otherwise advertised",,,,Clerk and Comptroller - Official Records division,772-288-5554,,,"Bid at the Clerk's Official Online Tax Deed Sale portal | Post the nonrefundable deposit (5% or $200, whichever is greater) at the time of the sale | Pay the balance plus documentary stamp tax and recording fees within 24 hours",,https://www.martinclerk.com/258/Tax-Deeds,county_page,Tax Deeds | Martin County Clerk,2026-10-02,verified,yes,"Portal URL not written out on the page; platform_url blank. Phone from 'contact the Official Records division at 772-288-5554'. Registration requirement not stated. Captured by scripts/capture_auction_process.py (job=evidence, evidence_scope=auction_process, run 36960322323); fields reviewed against the captured sentences."
FL,fl_realauction,Miami-Dade,,,yes,,,,,,,,,,,,,Clerk - Tax Deed Unit,,,,Review the Clerk's Administrative Order 13-05 Electronic Tax Deed Sales Procedures | Register on the Official Foreclosure & Tax Deed Sales page | Review properties and future sale dates on the Online Tax Deed Auction,,https://www.miamidadeclerk.gov/clerk/property-tax-deeds.page,county_page,Property Tax Deeds,2026-10-02,verified,yes,"Page references 'Electronic Tax Deed Sales Procedures' and an 'Online Tax Deed Auction' but no sentence says how the sale is conducted; method blank. AO 13-05 not captured. No deposit/payment terms captured. Captured by scripts/capture_auction_process.py (job=evidence, evidence_scope=auction_process, run 36960322323); fields reviewed against the captured sentences."
FL,fl_realauction,Orange,online,https://orange.realtaxdeed.com,yes,,,"Minimum $200 or 5% of the highest bid intended, whichever is greater, on deposit via wire transfer by 4:00 pm the day preceding the auction","Wire online through the RealAuction account, or in person at the Comptroller's office by cashier's check or money order payable to the Orange County Comptroller, or cash","Balance due within 24 hours of the winning bid (plus recording fees and documentary stamps); otherwise sale void, deposit forfeited, one-year ban",,,,,,,,"Orange County Comptroller - Official Records Department, Tax Deed section",407-836-5116,,"109 East Church Street, Suite 300, Orlando, Florida 32801",Register on the RealAuction site | Wire a deposit of at least $200 or 5% of your highest intended bid by 4:00 pm the day before the auction | Bid at the online auction | Create an invoice on RealAuction and pay the balance plus recording fees and documentary stamps within 24 hours,,https://www.occompt.com/Faq.aspx?TID=18,county_faq,FAQs - CivicPlus.CMS.FAQ,2026-10-02,verified,yes,"Platform URL from Bidder Notice PDF (2016). Phone/address from Tax Deed Sales page (/191) sentence on the Tax Deed section. Registration deadline not separately stated. Captured by scripts/capture_auction_process.py (job=evidence, evidence_scope=auction_process, run 36960322323); fields reviewed against the captured sentences."
FL,fl_realauction,Pasco,online,,yes,,,"At least 5% of the estimated high bid or $200, whichever is greater, for each item the bidder anticipates winning; on deposit with the Clerk & Comptroller via the RealAuction site before the sale. ACH deposits need five full business days to settle.","Wire transfer, transfer from the bidder's RealAuction deposit account, cash, or cashier's check; personal checks not accepted for bids",All forms of payment must be received before 10 a.m. ET the following business day of the sale; wire transfers no later than 4 p.m.,Anyone may bid; must register through RealAuction and place a deposit prior to the sale,,Online through RealAuction (pasco.realtaxdeed.com),10:00 a.m.,,,,Pasco County Clerk & Comptroller,(352) 521-4408,,"East Pasco Government Center, 14236 6th Street, Suite 201, Dade City, FL 33523-3414","Register as a bidder through RealAuction at pasco.realtaxdeed.com | Place a deposit (5% of estimated high bid or $200, whichever is greater) before the sale | Bid in the online sale, which begins at 10:00 a.m. | If you win, indicate in RealAuction how final payment is made and pay before 10 a.m. ET the next business day",https://www.pascoclerk.com/204/Fees-Costs,https://www.pascoclerk.com/201/Tax-Deed-Sales,county_page,"Tax Deed Sales | Pasco County Clerk, FL",2026-10-02,verified,yes,"Corroborated by /204/Fees-Costs (deposit, payment), /301/Bid-Registration and /648. Sales held Thursdays, monthly as necessary. Sale site given without https, so platform_url left blank. Captured by scripts/capture_auction_process.py (job=evidence, evidence_scope=auction_process, run 36960322323); fields reviewed against the captured sentences."
FL,fl_realauction,Polk,online,,yes,,,"Non-refundable deposit of 5% of the final bid or $200, whichever is greater, deducted from the successful bidder's account after each parcel; monies must be in the account before the sale","In person at the Clerk's office by cashier's check, cash, or wire transfer (breakdown also lists certified check)",Following business day by 11 am or within 24 hours from the sale,Must register online for a bidder number and deposit monies before the sale; bids in increments of $100 or more; defaulting bidders banned 90 days / one year / permanently,,Online,9:30 am,,,,Polk County Clerk of the Circuit Court and Comptroller,863-534-4000,,,"Register online to get a bidder number | Deposit monies into your bidder account before the sale | Bid online in increments of $100 or more | If successful, pay the balance plus fees at the Clerk's office by 11 am the following business day",,https://www.polkclerkfl.gov/189/Tax-Deeds,county_page,"Tax Deeds | Polk County Clerk, FL",2026-10-02,verified,yes,"Sales on the third Thursday of each month. Phone is the Clerk number printed on the Request for Reinstatement Tax Deeds PDF; 863-534-4700 on the page is the Tax Collector (redemption). No sale-site URL stated. Captured by scripts/capture_auction_process.py (job=evidence, evidence_scope=auction_process, run 36960322323); fields reviewed against the captured sentences."
FL,fl_realauction,Putnam,,,,,,"$200 or 5% of your maximum bid, whichever is greater, in your bidder account; must be received by the Clerk's Office by 5:00pm on the Monday prior to the sale; certified funds (cash, money order, cashier's check) if deposited in the office",,,,,,,,,,Putnam County Clerk of the Circuit Court & Comptroller (Tax Deeds office),,,"PO Box 758, Palatka, FL 32178 (main mailing address)","Place a deposit of $200 or 5% of your maximum bid in your bidder account (online at putnam.realtaxdeed.com, by wire transfer, or at the Tax Deeds office) | Make sure the deposit is received by 5:00pm on the Monday prior to the sale",,https://putnamclerk.com/tax-deed-sales/,county_page,Tax Deed Sales – Putnam County Clerk of the Circuit Court & Comptroller,2026-10-02,verified,yes,"Sale method not stated in captured sentences (only 'Realauction Training Resources - How to Bid'), so method blank. https://putnam.realtaxdeed.com/ is stated as the online deposit site. Office street address truncated in capture. Weak row: deposit-only steps. Captured by scripts/capture_auction_process.py (job=evidence, evidence_scope=auction_process, run 36960322323); fields reviewed against the captured sentences."
FL,fl_realauction,St. Lucie,online,,yes,,,"Non-refundable deposit equal to 5% of the final bid or $200, whichever is greater, paid by the successful high bidder at the time of the sale",,,Register on the website (free) and abide by the Clerk's deposit rules; bidders log on with a personal ID and password,,Online (RealAuction),,,,,"St. Lucie County Clerk and Comptroller, Tax Deed Department",772-462-6900,,"201 South Indian River Drive, 4th Floor, Fort Pierce, FL 34950","Register on the website (RealAuction) | Read the Tax Deed Instructions documents | Submit the required deposit with the Clerk | If you are the high bidder, pay the 5% or $200 non-refundable deposit at the time of the sale",https://stlucieclerk.gov/faqs2/online-auctions-faqs,https://stlucieclerk.gov/services/auctions/tax-deeds,county_page,Tax Deeds,2026-10-02,verified,yes,"Method and steps from the Online Auctions FAQs page. FAQ says 'All bidders may begin placing bids at 8:00 a.m.' (shared foreclosure/tax deed FAQ) - not used as sale_time. 772-462-1650 is the Tax Collector. Captured by scripts/capture_auction_process.py (job=evidence, evidence_scope=auction_process, run 36960322323); fields reviewed against the captured sentences."
FL,fl_realauction,Suwannee,online,,,,,"Required to make a valid bid; due upon the highest bid; $200 or 5% of the bid, whichever is greater",,,,,Online (suwannee.realtaxdeed.com),,,,,Suwannee County Clerk of the Circuit Court,,,"Suwannee County Courthouse, 200 South Ohio Ave., Live Oak, FL 32064","Register at suwannee.realtaxdeed.com to view and bid on scheduled tax deeds | Review property information, available online 30 days prior to the sale | Pay the deposit ($200 or 5% of the bid, whichever is greater) upon the highest bid",,https://www.suwgov.org/tax-deed-sales/,county_page,Tax Deed Sales – Suwannee County Clerk of the Circuit Court,2026-10-02,verified,yes,"Page states 'Next Tax Deed Sale - October 8, 2026' (left out per FL rule). Bidder rules are on the vendor site, not captured. Page lists a staff e-mail; not used. 386-364-3440 is the Tax Collector. Captured by scripts/capture_auction_process.py (job=evidence, evidence_scope=auction_process, run 36960322323); fields reviewed against the captured sentences."
FL,fl_realauction,Volusia,online,,,,,"Non-refundable 5% of the final bid or $200.00, whichever is greater, at the time of the sale. Deposit via ACH no later than 4 full working days before the sale, or wire / cashier's check / money order by 2:00 PM ET the business day before the sale","Cashier's check, money order, deposit balance, or wire transfer; cash not accepted since January 1, 2022",Cashier's check/money order within 24 hours of the advertised sale time but no later than 12:00 PM ET the next business day; wire no later than 12:00 PM ET the next business day,,,Online at www.volusia.realtaxdeed.com,9:00 AM ET,,,,"Clerk of the Circuit Court, Volusia County - Tax Deed Department",(386) 736-5919,,"Volusia County Courthouse, 101 N. Alabama Avenue, Room C119, DeLand, Florida","Check the Tax Deed Inquiry listing for sale dates | Make a deposit at www.volusia.realtaxdeed.com by ACH or wire (or cashier's check/money order at the Tax Deed Department) before the deadline | Bid in the online sale at 9:00 AM ET | If you are the high bidder, pay the remainder by 12:00 PM ET the next business day",,https://www.clerk.org/tax-deeds.aspx,county_page,"LAURA E. ROTH | Clerk of the Circuit Court, Volusia County Florida",2026-10-02,verified,yes,"Phone from the Lands Available page ('contact the Tax Deed Department at (386) 736-5919'). Sale site stated without https. Registration requirement not stated explicitly. Captured by scripts/capture_auction_process.py (job=evidence, evidence_scope=auction_process, run 36960322323); fields reviewed against the captured sentences."
FL,fl_realauction,Walton,online,,,,,"Nonrefundable deposit of 5% of the bid or $200.00, whichever is greater, posted with the Clerk by the highest bidder at the time of the sale","Cash, cashier's check, or money order, to the tax deed clerk at either Clerk location",Remainder of the bid due by 11:00 a.m. (day not captured),,,,,,,,Walton County Clerk of Courts & Comptroller,(850) 892-8115,,,"Review tax deed files on the Walton County Tax Deed Search Page | If you are the highest bidder, post the 5% or $200 nonrefundable deposit with the Clerk at the time of sale | Pay the remainder by 11:00 a.m. in cash, cashier's check or money order to the tax deed clerk",,https://waltonclerkfl.gov/?SEC=EBA848E5-D394-46CF-AC0B-FA31EFCDD6DA&DE=D5CBEE70-15FC-4681-AF81-1494FB3103AA,county_page,Tax Deed Sales - Foreclosures & Tax Deeds - Walton County Clerk of Courts & Comptroller,2026-10-02,verified,yes,"Method from /foreclosuretax: 'Starting Monday, March 2, 2009, online foreclosure/tax deed sales will be held at Real Foreclose' (old wording). 11:00 a.m. sentence truncated - day unknown. Alt phone (850) 267-3066. Captured by scripts/capture_auction_process.py (job=evidence, evidence_scope=auction_process, run 36960322323); fields reviewed against the captured sentences."
FL,fl_realauction,Washington,online,,yes,,Register and place a deposit no later than 24 hours prior to the sale,"Greater of $200.00 or 5% of the winning bid; ACH or wire through RealAuction a minimum of 4 days in advance, or cash, cashier's check or money order delivered to the Clerk of Court's office","Wire transfer, cash, cashier's check or money order","Remainder of the bid within 24 hours, including recording fee and documentary stamps (.70 per $100.00)",Anyone may bid; must register on the RealTaxDeed site and place a deposit with the clerk,,Online (www.washington.realtaxdeed.com),,,,,Washington County Clerk of Court,,,"1293 Jackson Avenue, Suite 101, Chipley, FL 32428","Register at www.washington.realtaxdeed.com | Place a deposit no later than 24 hours before the sale (ACH/wire at least 4 days in advance) | Bid in the online auction | Pay the remainder within 24 hours, including recording fee and documentary stamps",,https://www.washingtonclerk.com/public-sales/tax-deeds/,county_page,Tax Deeds/List of Lands,2026-10-02,verified,yes,"Training PDF corroborates online sale at washington.realtaxdeed.com. Site stated without https. Two page phones ((850) 638-6288/6289) not attributed to tax deeds, left blank. Captured by scripts/capture_auction_process.py (job=evidence, evidence_scope=auction_process, run 36960322323); fields reviewed against the captured sentences."
MI,mi_eaton_treasurer_sale,Eaton,in_person,,,,,,,,All buyers must be in person (someone may bid for you); no online or out-of-state bidders,,"Eaton County Governmental Complex, 1045 Independence Blvd, Charlotte, MI 48811",6:00 p.m.,2026-10-22,yes,,,,,,Pre-register online at BippusUSA.com (strongly suggested) | Come in person to the Eaton County Governmental Complex; registration begins at 5:00 p.m. | Bid in person (or have someone bid for you) at the 6:00 p.m. auction,,https://www.eatoncounty.org/1530/2026-Foreclosure-Sale,county_page,"2026 Foreclosure Sale | Eaton County, MI",2026-10-02,verified,yes,"Described as the last foreclosed real estate property auction of 2026. Pre-registration link is to BippusUSA (no URL captured). Office/phone not stated on the sale page. Captured by scripts/capture_auction_process.py (job=evidence, evidence_scope=auction_process, run 36960322323); fields reviewed against the captured sentences."
MI,mi_lenawee_tax_sale,Lenawee,online,,yes,,"12:00 PM on October 5, 2026 (registration opened July 10, 2026); no registrations after the period closes",,"Cash, money order, or cashier's check payable to Lenawee County Treasurer","Winning bid paid in full by 11:30 AM, Thursday, October 8, 2026 (payments accepted from Wednesday, October 7, 2026 at 9:00 AM)",Register for the Zeus Auction site and for the Lenawee County auction specifically; sign an affidavit of no interest in property with delinquent taxes in Lenawee County; bids declined if delinquent taxes owed; non-payment = ban and 25% charge,Photo ID required (notary on site for the affidavit),Online at Zeus Auction,10:00 AM,2026-10-06,yes,,SRI (the County's tax sale vendor) - tax sale questions line published on the County's page,(800) 800-9588,,,"Register for the Zeus Auction site | Register for the Lenawee County auction specifically before 12:00 PM on October 5, 2026 | Bid in the online sale on October 6, 2026 at 10:00 AM | Pay the winning bid in full (cash, money order, cashier's check) by 11:30 AM on October 8, 2026 | Sign the affidavit; photo ID required",,https://www.lenawee.mi.us/712/Tax-Sale,county_page,"Tax Sale | Lenawee County, MI",2026-10-02,verified,yes,"Page calls it the 2026 Tax Scavanger Sale; minimum bid auction. Phone is SRI's line for tax sale questions (vendor). Treasurer phones 517-264-4554/4556 on page. Rules also on Zeus Auction site (not captured). Captured by scripts/capture_auction_process.py (job=evidence, evidence_scope=auction_process, run 36960322323); fields reviewed against the captured sentences."
SC,sc_york_tax_sale,York,,,,,,,"Certified funds, cash or business check (no more than $10,000 cash per bidder requested)",All bids paid in full on the day of the sale before the last transaction is processed (cash out); $500 fine per bid for failure to pay,Once you check out you cannot bid again with the same bidder number; bidder card collected at checkout; re-register to bid again,,,,,,,York County Tax Collections,803-909-7272,,"1070 Heckle Blvd Ste 1100, Rock Hill, SC 29732","Bid at the tax sale; the opening bid is all delinquent taxes, penalties and costs plus current year taxes | Pay all bids in full on the day of the sale by certified funds, cash or business check | Wait out the twelve-month redemption period (no ownership rights meanwhile) | If not redeemed, receive the tax title and pay all recording costs including deed stamps",https://www.yorkcountysc.gov/DocumentCenter/View/5241/Tax-Sale-Fact-Sheet,https://www.yorkcountysc.gov/DocumentCenter/View/5241/Tax-Sale-Fact-Sheet,county_document,Tax-Sale-Fact-Sheet,2026-10-02,verified,yes,"County FAQ (Faq.aspx?QID=173): sale held in October or November each year, date listed on website in advance; list advertised in The Herald 3 weeks. 2026-Tax-Sale-Information page 404, so no current date. Phone/address from overage claim form. Captured by scripts/capture_auction_process.py (job=evidence, evidence_scope=auction_process, run 36960322323); fields reviewed against the captured sentences."
TX,*,Atascosa,online,,yes,,At least five (5) business days before the auction,,,,,,,,,,,,,,,"Register at least five business days before the auction (one account per bidder, valid email required) | Plan ahead so deposits can clear before auction deadlines | Bid; properties are auctioned in sale number order and sold to the highest bidder",,https://co.atascosa.tx.us/district-clerk/,county_page,District Clerk – Atascosa County,2026-10-02,verified,yes,"Sentences appear on the District Clerk page under 'Upcoming Tax Sales through RealAuction'; platform URL not stated. Tax-sale questions go to Linebarger: vendor contact published, not recorded. Captured by scripts/capture_auction_process.py (job=evidence, evidence_scope=auction_process, run 36960322323); fields reviewed against the captured sentences."
TX,*,Caldwell,online,,,,,,,,,,,,,,,,,,,,,https://caldwellcounty.texas.gov/records/sheriffs-tax-sale,county_page,"Sheriff's Tax Sale — Caldwell County, TX",2026-10-02,verified,yes,"Online auction system administered by the Caldwell County Appraisal District; portal URL not captured. Page banner says to refer to official site co.caldwell.tx.us. Contact: Tax Assessor-Collector or District Clerk. Captured by scripts/capture_auction_process.py (job=evidence, evidence_scope=auction_process, run 36960322323); fields reviewed against the captured sentences."
TX,*,Galveston,online,,yes,,,"At least 5% of the aggregate of all bids, by wire transfer or ACH through the Real Auction website at least ten (10) days before the sale","Wire transfer through Real Auction, or money order or cashier's check to the Galveston County Sheriff's Office (cash no longer accepted)",4:00 PM on the day of the sale (in-office delivery 1:00-4:00 PM); unpaid winners forfeit the deposit,Winning bidder must furnish a Certificate of Eligibility (Galveston County Tax Office) for the Sheriff's Deed to be recorded,,,,,,,Galveston County Sheriff's Office,(409) 766-2312,,"601 54th Street, Galveston, Texas 77551","Register on the Real Auction website | Deposit at least 5% of your total bids by wire or ACH at least ten days before the sale | Bid on the online platform | If you win, pay the balance by wire via Real Auction or by money order/cashier's check to the Sheriff's Office by 4:00 PM on the sale day | Obtain a Certificate of Eligibility from the Galveston County Tax Office and furnish it to the Sheriff",https://sheriff.galvestoncountytx.gov/Forms/Sale/Sheriff_Sale_Procedures.pdf,https://sheriff.galvestoncountytx.gov/Forms/Sale/Sheriff_Sale_Procedures.pdf,county_document,Sheriff_Sale_Procedures.pdf,2026-10-02,verified,yes,"Older letter sheriff_sale_rules.pdf states in-person sales first Tuesday 10:00 a.m., pay by 2:00 p.m. - conflicts, not used. Platform given as www.realauction.com (not https). Resales via Linebarger: vendor contact published, not recorded. Captured by scripts/capture_auction_process.py (job=evidence, evidence_scope=auction_process, run 36960322323); fields reviewed against the captured sentences."
TX,*,Matagorda,online,https://matagorda.texas.sheriffsaleauction.com/,yes,,5-7 business days prior to the sale (register and place deposit),"Deposit of your max bid, 5-7 business days prior to the sale",,,,,,,,,,,,,,Go to https://matagorda.texas.sheriffsaleauction.com/ and click Register | Enter the contact information you want listed on the deed if you are the successful bidder | Place your deposit of your max bid 5-7 business days before the sale,https://www.matagordatx.gov/upload/page/0079/Online%20Tax%20Sale%20Instructions.pdf,https://www.matagordatx.gov/upload/page/0079/Online%20Tax%20Sale%20Instructions.pdf,county_document,Online Tax Sale Instructions.pdf,2026-10-02,verified,yes,"Real Auction customer service phone/e-mail published (e-mail domain appears misspelled 'reaalauction.com'): vendor contact published, not recorded. Captured by scripts/capture_auction_process.py (job=evidence, evidence_scope=auction_process, run 36960322323); fields reviewed against the captured sentences."
TX,*,Smith,,https://Smith.texas.sheriffsaleauctions.com,yes,,At least five (5) business days before the auction,,Cashier's check or money order; credit cards not accepted,By 4:00 PM CT on the day of the sale; winning bidder's deposit applied first,Bidder Certificate / written statement of no taxes due from the Smith County Tax Assessor-Collector's office,,,First Tuesday of every month at 10 am,,,,,,,,Obtain a Bidder Certificate stating all taxes are paid from the Smith County Tax Office | Register at https://Smith.texas.sheriffsaleauctions.com at least five business days before the auction | Bid | Pay in full by 4:00 PM CT on the sale day by cashier's check or money order (deposit applied first) | Tax sale or resale deed processed within 90 days,,https://www.smithcountysheriff.com/tax-foreclosure-auctions,county_page,Tax Foreclosure Auctions | Smith County Sheriff's Office,2026-10-02,verified,yes,"Corroborated by smith-county.com/354 and /358 (date/time, payment). Method not stated explicitly. Linebarger and Perdue phones: vendor contact published, not recorded. Captured by scripts/capture_auction_process.py (job=evidence, evidence_scope=auction_process, run 36960322323); fields reviewed against the captured sentences."
TX,*,Travis,,,yes,,Tax office Bidder Registration and $10 fee online at least five business days before the sale,,,,Must register with BOTH RealAuction and the tax office and be approved; anyone owing back taxes on Travis County property is ineligible; approval valid one year,,,,,,,Travis County Tax Assessor-Collector,(512) 854-9473,,"2433 Ridgepoint Drive, Austin, TX 78754","Check the Travis RealAuction website about 15 days before the sale for the property list | Research properties using the Bidder's Basic Guide | Register on the Travis RealAuction website and note your bidder number | Submit the tax office Bidder Registration and $10 fee online at least five business days before the sale | Wait for the approval e-mail, then bid with your bidder number",https://tax-office.traviscountytx.gov/files/properties/tax-bidders-basic-guide.pdf,https://tax-office.traviscountytx.gov/properties/foreclosed,county_page,Foreclosed properties,2026-10-02,verified,yes,"FAQ page corroborates: tax sales conducted by RealAuction (online not stated explicitly, method left blank). Phone/address from the Bidder's Basic Guide PDF. Captured by scripts/capture_auction_process.py (job=evidence, evidence_scope=auction_process, run 36960322323); fields reviewed against the captured sentences."
TX,*,Victoria,online,,,,,,,,,,,"First Tuesday of every month at 10 am; if a holiday, the following business day",,,,,,,,,,https://www.victoriacountytx.gov/389/Tax-Sale-Properties,county_page,"Tax Sale Properties | Victoria County, TX",2026-10-02,verified,yes,"Method from link text 'Register for Online Auctions: Victoria County Online Auctions'; platform URL not captured. Linebarger assists with tax sale properties: vendor contact not recorded. Captured by scripts/capture_auction_process.py (job=evidence, evidence_scope=auction_process, run 36960322323); fields reviewed against the captured sentences."
WY,wy_albany_tax_sale,Albany,in_person,,yes,,Registration can take place the morning of the tax sale (begins 7:45 am),,"Cash, check, money order, VISA, MasterCard, bank debit cards (cards 2.49% fee, min $1.50; American Express 3.5% + $1.50)","By 5 pm on the sale day (stated as August 13, 2027)",Buyers must be 18 or older; one buyer per taxpayer ID number; cannot purchase in the name of another individual,,"Albany County Fairgrounds, east side of the Activity Building, 3510 South 3rd Street, Laramie, WY 82070",Registration begins at 7:45 am; sales of real property begin promptly at 9 am,,,2027-08-13,Albany County Treasurer,,,,"Register at the fairgrounds from 7:45 am and receive a buyer number | Bid when sales begin at 9 am | Pay for purchases by 5 pm on the sale day | Receive the Certificate of Purchase ($20) | If unredeemed after 4-6 years, file the Tax Deed Application with the Treasurer's Office and the $25 fee",https://www.albanycountywy.gov/DocumentCenter/View/3946,https://www.albanycountywy.gov/299/Tax-Lien-Sale,county_page,"Tax Lien Sale | Albany County, WY",2026-10-02,verified,yes,"Tax lien (certificate of purchase) sale. 2027 date corroborated by /300/Tax-Sale-Listings; FAQ says no fee to attend. Treasurer phones only on non-tax-sale pages, not recorded. Captured by scripts/capture_auction_process.py (job=evidence, evidence_scope=auction_process, run 36960322323); fields reviewed against the captured sentences."
