state,county,url,found_via,source_id,program,note
SC,York,https://www.yorkcountysc.gov/DocumentCenter/View/3590/2026-Tax-Sale-Information,web search 2026-10-02,sc_york_forfeited_land_commission,FORFEITED_LAND_COMMISSION,"County fact sheet: parcels receiving no bid at the tax sale go to the Forfeited Land Commission; FLC properties may be posted on the tax collection website in January with assignment dates"
SC,Richland,https://www.richlandcountysc.gov/Property-Business/Taxes/Delinquent-Taxes/Forfeited-Land-Available,web search 2026-10-02,sc_richland_forfeited_land,FORFEITED_LAND_COMMISSION,"Page titled 'Forfeited Land Available' with an FLC properties listing"
SC,Spartanburg,https://www.spartanburgcounty.org/388/Forfeited-Land-Commission,web search 2026-10-02,sc_spartanburg_forfeited_land,FORFEITED_LAND_COMMISSION,"FLC properties available for assignment (real estate and mobile homes)"
SC,Georgetown,https://www.gtcountysc.gov/415/Forfeited-Land-Commission,web search 2026-10-02,sc_georgetown_forfeited_land,FORFEITED_LAND_COMMISSION,"2026 FLC list (indexed as updated May 2026)"
SC,Oconee,https://oconeesc.com/auditor-home/forfeited-land,web search 2026-10-02,sc_oconee_forfeited_land,FORFEITED_LAND_COMMISSION,"List of available forfeited land and forfeited land available for assignment"
SC,Jasper,https://www.jaspercountysc.gov/services/forfeited-land/,web search 2026-10-02,sc_jasper_forfeited_land,FORFEITED_LAND_COMMISSION,"Forfeited Land page"
SC,Fairfield,https://www.fairfieldsc.com/departments/forfeited-land-commission,web search 2026-10-02,sc_fairfield_forfeited_land,FORFEITED_LAND_COMMISSION,"Forfeited Land Commission page"
SC,Aiken,https://www.aikencountysc.gov/DspSvc?qSvcID=148,web search 2026-10-02,sc_aiken_forfeited_land,FORFEITED_LAND_COMMISSION,"Forfeited Land Commission service page"
SC,Lexington,https://www.lex-co.sc.gov/departments/treasurer/forfeited-land-commission,web search 2026-10-02,sc_lexington_forfeited_land,FORFEITED_LAND_COMMISSION,"Treasurer's Forfeited Land Commission page"
WI,Wood,https://www.woodcountywi.gov/Departments/Treasurer/TaxDeed.aspx,web search 2026-10-02,wi_wood_tax_deed_otc,COUNTY_TAX_DEED_OTC,"Tax-deeded parcels offered by closed bid that did not sell are offered over the counter at the Treasurer's office"
WI,Burnett,https://www.burnettcountywi.gov/804/Tax-Deed-Land-For-Sale,web search 2026-10-02,wi_burnett_tax_deed_land,COUNTY_TAX_DEED_OTC,"Tax Deed Land For Sale page; indexed text states no over-the-counter properties at this time"
WI,Marathon,https://www.marathoncounty.gov/services/tax-deed-property,web search 2026-10-02,wi_marathon_tax_deed_property,COUNTY_TAX_DEED_OTC,"Tax Deed Property page; sale method not established from the index"
MI,Lenawee,https://www.lenawee.mi.us/850/Lenawee-County-Landbank-Authority,web search 2026-10-02,mi_lenawee_landbank,COUNTY_LAND_BANK,"Landbank Authority holds tax-foreclosed property transferred after foreclosure for renovation, marketing and transfer"
