source_id,state,county,read_run,read_at,http_status,evidence_url,availability,identifier_field,identifier_confirmed,acquisition,evidence_quote,adapter_warranted,reason
sc_york_forfeited_land_commission,SC,York,37010171899,2026-10-02T13:00:44Z,200,https://www.yorkcountysc.gov/216/Tax-Collection,SEASONAL_NOT_POSTED,,no,,"No Forfeited Land Commission list on the Tax Collection page; the county's tax sale fact sheet (now 404) said FLC properties may be posted in January",no,No list is posted now; re-read in January
sc_richland_forfeited_land,SC,Richland,37010171899,2026-10-02T13:00:40Z,403,https://www.richlandcountysc.gov/Property-Business/Taxes/Delinquent-Taxes/Forfeited-Land-Available,UNAVAILABLE,,no,,HTTP 403 to the runner on both reads,no,Page refuses the runner; not read
sc_spartanburg_forfeited_land,SC,Spartanburg,37010171899,2026-10-02T13:01:13Z,200,https://www.spartanburgcounty.gov/DocumentCenter/View/104130/Real-Estate-Tax-Sale-List,CURRENT_INVENTORY,MAP NUMBER,yes,"Assignment of the Forfeited Land Commission's bid during the redemption period: register as a tax sale bidder, contact the FLC, pay by certified check or cash to the Tax Collector; first come, first served","#### TAX SALE PROPERTIES (REAL ESTATE) AVAILABLE FOR ASSIGNMENT; columns ITEM # | DESCRIPTION | DEFAULTING TAXPAYER | MAP NUMBER | TOTAL TAX DUE | best known property address | Owner Name | Bid Amount Needed",no,"Publication / reuse review not done; row format known only from the column header and a value-free shape (18 lines, 7 identifier-shaped). What is acquired is the bid assignment, still subject to redemption. The separate mobile-home list (land not included) is personal property and never AVAILABLE land"
sc_georgetown_forfeited_land,SC,Georgetown,37010171899,2026-10-02T13:00:50Z,200,https://www.gtcountysc.gov/DocumentCenter/View/3019/2026-FLC-LIST---UPDATED-MAY-2026-PDF,CURRENT_INVENTORY,TMS #,yes,"Sealed bid application voted on monthly by the Forfeited Land Commission; prior-year FLC properties conveyed by quit-claim deed; properties from the most recent sale are in the redemption period","#### FLC LIST - UPDATED MAY ####; columns Group | Name | TMS # | Description | Tax Sale Date | Opening Bid",no,"Publication / reuse review not done; the pages read (4 of the PDF) show the MOBILE HOMES section (personal property, not land) - the real-estate section's layout is not confirmed"
sc_oconee_forfeited_land,SC,Oconee,37010171899,2026-10-02T13:00:42Z,200,https://oconeesc.com/auditor-home/forfeited-land,NOT_ESTABLISHED,,no,,"'List of available Forfeited Land' and 'Forfeited Land that is available for Assignment' are an ArcGIS map viewer on another host (not read); 'The lists are updated annually and will be unavailable for approximately a two month period, varying from October - January'",no,The list lives in a map viewer that was not read and is seasonally offline from October to January
sc_jasper_forfeited_land,SC,Jasper,37010171899,2026-10-02T13:00:55Z,200,https://www.jaspercountysc.gov/media/0kwpcys3/flc-none-available.pdf,EMPTY,,no,Sealed bids in person at the Register of Deeds (Ridgeland),FORFEITED LAND COMMISSION (FLC) THERE ARE CURRENTLY NO PROPERTIES AVAILABLE AT THIS TIME.,no,The county states no FLC property is available
sc_fairfield_forfeited_land,SC,Fairfield,37010171899,2026-10-02T13:00:59Z,200,https://www.fairfieldsc.com/departments/forfeited-land-commission,AUCTION_ONLY,,no,Online auction run by an agent for the Forfeited Land Commission,"'Properties will be available for auction ...'; 'See Available Properties' links to an auctioneer's listing on another host",no,"The FLC sells by auction - an Auctions-type source, never Available"
sc_aiken_forfeited_land,SC,Aiken,37010171899,2026-10-02T13:01:03Z,200,https://www.aikencountysc.gov/386/Forfeited-Land-Commission,AUCTION_ONLY,,no,Sold at the conclusion of the delinquent tax sale,"'All properties deeded to the FLC by the Tax Collector will be sold annually at the conclusion of the Delinquent Tax Collector's Sale. There are no properties available for sale except at that sale.'",no,The county states nothing is available outside the sale
sc_lexington_forfeited_land,SC,Lexington,37010171899,2026-10-02T13:01:05Z,200,https://lex-co.sc.gov/departments/treasurer/forfeited-land-commission/flc-property-list,EMPTY,TMS Number,no,"Sealed offer, one FLC Offer Form per property (real estate by TMS number), in person or by mail to the Treasurer's Office",'Please check back for new FLC listings.' (the FLC Property List page carries no list),no,The county's FLC property list is empty
wi_wood_tax_deed_otc,WI,Wood,37010171899,2026-10-02T13:01:20Z,200,https://www.woodcountywi.gov/Departments/Treasurer/TaxDeed.aspx,NOT_ESTABLISHED,,no,Offer to purchase reviewed by the Executive Committee; over-the-counter forms to the Treasurer at any time,"'There are no sealed bids available at this time.' The page refers to 'the listing below' for over-the-counter offers, but no listing was found in the page",no,No over-the-counter listing found in the page markup
wi_burnett_tax_deed_land,WI,Burnett,37010171899,2026-10-02T13:01:17Z,200,https://www.burnettcountywi.gov/804/Tax-Deed-Land-For-Sale,EMPTY,Tax Deed,no,County Clerk appointment; cash / check / money order to the Treasurer,'There is currently no over the counter properties for sale at this time.' (the current sale is an online auction on a vendor site - an auction),no,The county states no over-the-counter land is for sale
wi_marathon_tax_deed_property,WI,Marathon,37010171899,2026-10-02T13:01:21Z,403,https://www.marathoncounty.gov/services/tax-deed-property,UNAVAILABLE,,no,,HTTP 403 to the runner on both reads,no,Page refuses the runner; not read
mi_lenawee_landbank,MI,Lenawee,37010171899,2026-10-02T13:00:41Z,200,https://www.lenawee.mi.us/850/Lenawee-County-Landbank-Authority,CURRENT_INVENTORY,,no,Residential or Commercial Property Application to the Landbank (administered by the County Treasurer),"'Current Landbank Inventory: Last Updated ...'; table columns Property Name | Property Address | Municipality | Property Type | Price | Property Details (2 rows)",no,"Publication / reuse review not done; the inventory table has no parcel column, so a deterministic identifier is not established (address alone is never used)"
