state,source_id,county,status_raw,basis,figure_label,figure_note,program_price,program_price_note,additions,included_in_figure,official_total,application_costs,application_costs_in_price,deposit,deposit_in_price,quote,evidence,observed_on
FL,fl_laft_pioneer,,,OPENING_BID_PLUS_ADDITIONS,,"Not the price to buy now: the county's total adds omitted taxes, accrued interest and deed fees. Request the current Lands Available statement from the clerk.",,,interest|omitted_taxes|doc_stamps|recording_fees,"Already inside the opening bid (F.S. 197.502(6)) and never added again: the outstanding tax certificates, the delinquent, omitted and current taxes then due, interest, and the costs and fees as of when the opening bid was set - plus half the assessed value on homestead property.",The clerk's Lands Available statement - request it from the clerk; it is valid only until the date printed on it.,,,,,"Thereafter, any person ... may purchase the property from the clerk ... for the opening bid ... Interest on the opening bid continues to accrue through the month of sale (F.S. 197.502(7)); the purchaser pays the documentary stamp tax and the recording fees, and delinquent taxes accrued after the tax deed application (F.S. 197.542(1)). Duval: ""the opening bid, subsequent omitted taxes, and any accrued interest. Documentary stamps and recording fees are also assessed"".","2026 Florida Statutes 197.502(6)-(7), 197.542(1) (read 2026-10-05, run 37248930656); data/purchase_path_evidence.csv Duval and Orange rows; docs/available-amount-semantics.md",2026-10-05
FL,fl_laft_hillsborough,,,OPENING_BID_PLUS_ADDITIONS,,"Not the price to buy now: the county's total adds omitted taxes, accrued interest and deed fees. Request the current Lands Available statement from the clerk.",,,interest|omitted_taxes|doc_stamps|recording_fees,"Already inside the opening bid (F.S. 197.502(6)) and never added again: the outstanding tax certificates, the delinquent, omitted and current taxes then due, interest, and the costs and fees as of when the opening bid was set - plus half the assessed value on homestead property.",The clerk's Lands Available statement - request it from the clerk; it is valid only until the date printed on it.,,,,,"Thereafter, any person ... may purchase the property from the clerk ... for the opening bid ... Interest on the opening bid continues to accrue through the month of sale (F.S. 197.502(7)); the purchaser pays the documentary stamp tax and the recording fees, and delinquent taxes accrued after the tax deed application (F.S. 197.542(1)). Duval: ""the opening bid, subsequent omitted taxes, and any accrued interest. Documentary stamps and recording fees are also assessed"".","2026 Florida Statutes 197.502(6)-(7), 197.542(1) (read 2026-10-05, run 37248930656); data/purchase_path_evidence.csv Duval and Orange rows; docs/available-amount-semantics.md",2026-10-05
FL,fl_laft_leon,,,OPENING_BID_PLUS_ADDITIONS,,"Not the price to buy now: the county's total adds omitted taxes, accrued interest and deed fees. Request the current Lands Available statement from the clerk.",,,interest|omitted_taxes|doc_stamps|recording_fees,"Already inside the opening bid (F.S. 197.502(6)) and never added again: the outstanding tax certificates, the delinquent, omitted and current taxes then due, interest, and the costs and fees as of when the opening bid was set - plus half the assessed value on homestead property.",The clerk's Lands Available statement - request it from the clerk; it is valid only until the date printed on it.,,,,,"Thereafter, any person ... may purchase the property from the clerk ... for the opening bid ... Interest on the opening bid continues to accrue through the month of sale (F.S. 197.502(7)); the purchaser pays the documentary stamp tax and the recording fees, and delinquent taxes accrued after the tax deed application (F.S. 197.542(1)). Duval: ""the opening bid, subsequent omitted taxes, and any accrued interest. Documentary stamps and recording fees are also assessed"".","2026 Florida Statutes 197.502(6)-(7), 197.542(1) (read 2026-10-05, run 37248930656); data/purchase_path_evidence.csv Duval and Orange rows; docs/available-amount-semantics.md",2026-10-05
FL,fl_laft_osceola,,,OPENING_BID_PLUS_ADDITIONS,,"Not the price to buy now: the county's total adds omitted taxes, accrued interest and deed fees. Request the current Lands Available statement from the clerk.",,,interest|omitted_taxes|doc_stamps|recording_fees,"Already inside the opening bid (F.S. 197.502(6)) and never added again: the outstanding tax certificates, the delinquent, omitted and current taxes then due, interest, and the costs and fees as of when the opening bid was set - plus half the assessed value on homestead property.",The clerk's Lands Available statement - request it from the clerk; it is valid only until the date printed on it.,,,,,"Thereafter, any person ... may purchase the property from the clerk ... for the opening bid ... Interest on the opening bid continues to accrue through the month of sale (F.S. 197.502(7)); the purchaser pays the documentary stamp tax and the recording fees, and delinquent taxes accrued after the tax deed application (F.S. 197.542(1)). Duval: ""the opening bid, subsequent omitted taxes, and any accrued interest. Documentary stamps and recording fees are also assessed"".","2026 Florida Statutes 197.502(6)-(7), 197.542(1) (read 2026-10-05, run 37248930656); data/purchase_path_evidence.csv Duval and Orange rows; docs/available-amount-semantics.md",2026-10-05
FL,fl_laft_stlucie,,,OPENING_BID_PLUS_ADDITIONS,,"Not the price to buy now: the county's total adds omitted taxes, accrued interest and deed fees. Request the current Lands Available statement from the clerk.",,,interest|omitted_taxes|doc_stamps|recording_fees,"Already inside the opening bid (F.S. 197.502(6)) and never added again: the outstanding tax certificates, the delinquent, omitted and current taxes then due, interest, and the costs and fees as of when the opening bid was set - plus half the assessed value on homestead property.",The clerk's Lands Available statement - request it from the clerk; it is valid only until the date printed on it.,,,,,"Thereafter, any person ... may purchase the property from the clerk ... for the opening bid ... Interest on the opening bid continues to accrue through the month of sale (F.S. 197.502(7)); the purchaser pays the documentary stamp tax and the recording fees, and delinquent taxes accrued after the tax deed application (F.S. 197.542(1)). Duval: ""the opening bid, subsequent omitted taxes, and any accrued interest. Documentary stamps and recording fees are also assessed"".","2026 Florida Statutes 197.502(6)-(7), 197.542(1) (read 2026-10-05, run 37248930656); data/purchase_path_evidence.csv Duval and Orange rows; docs/available-amount-semantics.md",2026-10-05
FL,fl_laft_orange,,,OPENING_BID_PLUS_ADDITIONS,,"Not the price to buy now: the county's total adds omitted taxes, accrued interest and deed fees. Request the current Lands Available statement from the clerk.",,,interest|omitted_taxes|doc_stamps|recording_fees,"Already inside the opening bid (F.S. 197.502(6)) and never added again: the outstanding tax certificates, the delinquent, omitted and current taxes then due, interest, and the costs and fees as of when the opening bid was set - plus half the assessed value on homestead property.",The clerk's Lands Available statement - request it from the clerk; it is valid only until the date printed on it.,,,,,"Thereafter, any person ... may purchase the property from the clerk ... for the opening bid ... Interest on the opening bid continues to accrue through the month of sale (F.S. 197.502(7)); the purchaser pays the documentary stamp tax and the recording fees, and delinquent taxes accrued after the tax deed application (F.S. 197.542(1)). Duval: ""the opening bid, subsequent omitted taxes, and any accrued interest. Documentary stamps and recording fees are also assessed"".","2026 Florida Statutes 197.502(6)-(7), 197.542(1) (read 2026-10-05, run 37248930656); data/purchase_path_evidence.csv Duval and Orange rows; docs/available-amount-semantics.md",2026-10-05
FL,fl_laft_html,,,OPENING_BID_PLUS_ADDITIONS,,"Not the price to buy now: the county's total adds omitted taxes, accrued interest and deed fees. Request the current Lands Available statement from the clerk.",,,interest|omitted_taxes|doc_stamps|recording_fees,"Already inside the opening bid (F.S. 197.502(6)) and never added again: the outstanding tax certificates, the delinquent, omitted and current taxes then due, interest, and the costs and fees as of when the opening bid was set - plus half the assessed value on homestead property.",The clerk's Lands Available statement - request it from the clerk; it is valid only until the date printed on it.,,,,,"Thereafter, any person ... may purchase the property from the clerk ... for the opening bid ... Interest on the opening bid continues to accrue through the month of sale (F.S. 197.502(7)); the purchaser pays the documentary stamp tax and the recording fees, and delinquent taxes accrued after the tax deed application (F.S. 197.542(1)). Duval: ""the opening bid, subsequent omitted taxes, and any accrued interest. Documentary stamps and recording fees are also assessed"".","2026 Florida Statutes 197.502(6)-(7), 197.542(1) (read 2026-10-05, run 37248930656); data/purchase_path_evidence.csv Duval and Orange rows; docs/available-amount-semantics.md",2026-10-05
FL,fl_laft_pdfs,,,OPENING_BID_PLUS_ADDITIONS,,"Not the price to buy now: the county's total adds omitted taxes, accrued interest and deed fees. Request the current Lands Available statement from the clerk.",,,interest|omitted_taxes|doc_stamps|recording_fees,"Already inside the opening bid (F.S. 197.502(6)) and never added again: the outstanding tax certificates, the delinquent, omitted and current taxes then due, interest, and the costs and fees as of when the opening bid was set - plus half the assessed value on homestead property.",The clerk's Lands Available statement - request it from the clerk; it is valid only until the date printed on it.,,,,,"Thereafter, any person ... may purchase the property from the clerk ... for the opening bid ... Interest on the opening bid continues to accrue through the month of sale (F.S. 197.502(7)); the purchaser pays the documentary stamp tax and the recording fees, and delinquent taxes accrued after the tax deed application (F.S. 197.542(1)). Duval: ""the opening bid, subsequent omitted taxes, and any accrued interest. Documentary stamps and recording fees are also assessed"".","2026 Florida Statutes 197.502(6)-(7), 197.542(1) (read 2026-10-05, run 37248930656); data/purchase_path_evidence.csv Duval and Orange rows; docs/available-amount-semantics.md",2026-10-05
FL,fl_laft_html,Putnam,,ESTIMATE,Estimated purchase price,The county's own estimate - confirm the amount due with the clerk before paying.,,,,,The clerk's Lands Available statement - request it from the clerk; it is valid only until the date printed on it.,,,,,"Putnam's own label: ""Estimated Purchase Price"".",scripts/harvest_laft_html.py (Putnam bid_kind),2026-10-05
FL,fl_laft_realtdm,,,BASE_PRICE_PLUS_ADDITIONS,Base purchase price,"The clerk's base figure, before the recording fees, documentary stamps and interest the clerk's own page adds as of the purchase day - not a final quote. Confirm the amount due with the clerk.",,,interest|doc_stamps|recording_fees,The base figure is the case's Purchase Price as the server renders it (identical to the case's Redemption Amount); the page's own script then adds the items listed here.,The clerk's case page computes the amount due as of today - confirm it with the clerk.,,,,,"the server-rendered HTML carries a base figure (identical to the case's Redemption Amount), and the page's own client-side JS then adds recording fees, doc stamps and interest accrued as of today","scripts/harvest_laft_realtdm.py PURCHASE PRICE section (confirmed live on three counties, 2026-08-26)",2026-08-26
LA,la_ebr_adjudicated,,,OFFER_NEGOTIATED,,,,,,,,"Advanced costs, per parcel, paid by certified check or money order (no personal checks or cash) - amount not published in the evidence",no,,,"You will also be asked to make an initial ""offer"" (purchase price) both verbally and in writing ... (advanced costs are not part of the purchase price)","data/purchase_path_evidence.csv LA East Baton Rouge row (Parish Attorney memorandum, capture run 36940992329)",2026-10-01
TX,tx_lgbs,,,MINIMUM_BID,Minimum bid (vendor listing),The delinquent-tax counsel's listed minimum bid for a resale - not a purchase price. Confirm the amount with the taxing units before buying.,,,,,,,,,,"The LGBS listing's own field minimum_bid"" (delinquent-tax counsel for the taxing units).""",scripts/lgbs_available_refresh.py (LGBS field minimum_bid -> min_bid); registry tx_lgbs,2026-10-05
TX,tx_lgbs,Galveston,,MINIMUM_BID,Minimum bid (vendor listing),The delinquent-tax counsel's listed minimum bid for a resale - not a purchase price.,,,,,,,,"Bid deposit of at least 5% of the total amount of your bids, with the Galveston County Sheriff (wire or ACH through Real Auction, at least 10 days before the sale)",unknown,"Bid Deposits - After registering through the Real Auction website, bidders must deposit with the Galveston County Sheriff an amount equal to at least five percent (5%) of the total amount of their bids",data/purchase_path_evidence.csv TX Galveston row,2026-10-01
MI,mi_detroit_landbank_lots,,Side Lot For Sale,PROGRAM_PRICE,,,100,"DLBA Vacant Land Policy (Oct 2023): ""Side Lots are priced at $100 per lot."" Only for the owner-occupant of the adjacent home; the policy may have been updated since - confirm with the DLBA.",,,,,,,,Side Lots are priced at $100 per lot.,"DLBA Vacant Land Policy (Oct 2023 PDF, SHA-256 ac01ff4f..., docs/available-publication-evidence.md section 2)",2026-10-02
MI,mi_detroit_landbank_lots,,Neighborhood Lot For Sale,PROGRAM_PRICE,,,,"DLBA Vacant Land Policy (Oct 2023): ""$250 per lot, unless the estimated value of the lot exceeds $2,500"". Only for a nearby owner-occupant with a Principal Residence Exemption; the policy may have been updated since - confirm with the DLBA.",,,,,,,,"$250 per lot, unless the estimated value of the lot exceeds $2,500","DLBA Vacant Land Policy (Oct 2023 PDF, SHA-256 ac01ff4f..., docs/available-publication-evidence.md section 2)",2026-10-02
MI,mi_detroit_landbank_lots,,Oversized Lot For Sale,PROGRAM_PRICE,,,,"DLBA Vacant Land Policy (Oct 2023): ""$200 per lot, unless the estimated value of the lot as determined by the DLBA exceeds $2,500"". Only for the owner-occupant of the street-adjacent home; the policy may have been updated since - confirm with the DLBA.",,,,,,,,"$200 per lot, unless the estimated value of the lot as determined by the DLBA exceeds $2,500","DLBA Vacant Land Policy (Oct 2023 PDF, SHA-256 ac01ff4f..., docs/available-publication-evidence.md section 2)",2026-10-02
MI,mi_detroit_landbank_lots,,,NOT_PUBLISHED,,,,,,,,,,,,No per-lot price is published on the layer; Marketed Lot For Sale is not defined in the 2023 policy.,"DLBA Vacant Land Policy (Oct 2023 PDF, SHA-256 ac01ff4f..., docs/available-publication-evidence.md section 2)",2026-10-02
MI,mi_detroit_landbank_programs,,,NOT_PUBLISHED,,,,,,,,,,,,No price is published on the programs layer; no official program definition was read.,"DLBA Vacant Land Policy (Oct 2023 PDF, SHA-256 ac01ff4f..., docs/available-publication-evidence.md section 2)",2026-10-02
MI,mi_oceana_landbank,,,PROPOSAL,,,,,,,,,,,,If you are interested in purchasing a property ... please download and complete the Application for Proposals form,harvesters/otc/adapters/expansion.py Oceana Land Bank config notes (the county page's own wording),2026-10-02
MO,mo_stl_lra_inventory,,,NOT_PUBLISHED,,,,,,,,,,,,The Land Reutilization Authority's inventory CSV carries no price column.,docs/available-expansion-2026-10.md (MO row),2026-10-04
OK,ok_oklahoma_county_owned,,,BID_SUBMISSION,Suggested initial bid (county's column),The county's suggested starting bid in a bidding process - not a purchase price.,,,,,,,,,,"county-owned property ""can be purchased by the public through a bidding process""; column 'Suggested Initial Bid Amount'",docs/available-expansion-2026-10.md (OK row),2026-10-04
PA,pa_fayette_repository,,,BID_SUBMISSION,Minimum bid,The repository list's minimum bid on a sealed bid that needs the taxing bodies' consent - not the final price. Ask the Tax Claim Bureau for the amount due.,,,,,,,,,,Repository properties are sold by sealed bid; list column 'Min. Bid'; rows whose Comments read 'Bid Received' are pending.,docs/available-expansion-2026-10.md (PA row),2026-10-04
MN,mn_ramsey_tax_forfeit,,,MINIMUM_BID,Minimum bid,The layer's own Minimum Bid - not the final price. Ask the tax-forfeited land office for the amount due.,,,,,,,,,,the layer's own Status = 'Available for purchase'; attribute 'MinimumBid',docs/available-expansion-2026-10.md (MN row),2026-10-04
SC,sc_horry_forfeited_land,,,BID_SUBMISSION,Minimum bid,The commission's minimum bid on a sealed FLC bid - not the final price. What is added at award is not verified.,,,,,,,,,,'MINIMUM BID' is the commission's minimum bid (FLC List workbook column).,harvesters/otc/adapters/expansion.py SC_HORRY_FLC notes,2026-10-02
SC,sc_georgetown_forfeited_land,,,BID_SUBMISSION,,The commission's opening bid - the county states the total amount due after the Committee decides.,,,,,Stated by the county after the Forfeited Land Commission's Committee decides the bidder application.,,,,,Once a decision is made by the Committee you will be notified of their decision and the total amount due via email or telephone number provided on the bidder application.,harvesters/otc/adapters/sc_flc.py GEORGETOWN acquisition (evidence runs 37033274319 / 37035908843),2026-10-02
TN,tn_shelby_landbank,,,OFFER_NEGOTIATED,Asking price (Land Bank portal),The Land Bank's asking price before an offer - not a fixed price. Offers go through the Land Bank's Offer to Purchase and Sales Agreement packet.,,,,,,,,,,portal field 'askingPrice' (display name 'Asking Price'); the Land Bank's Policies & Procedures page links the 'Offer to Purchase and Sales Agreement Packet',tn_shelby evidence runs 37856189946 / 37856396525 (docs/tennessee-survey.md),2026-10-08
