source_id,state,county,name,publisher,source_type,url,roles,governance,governance_reason,access,access_note,evidence,last_checked,next_action
tx_lgbs_statewide_api,TX,STATEWIDE,LGBS tax-sale property API (every Texas county it lists),Linebarger Goggan Blair & Sampson LLP (delinquent-tax counsel),THIRD_PARTY,https://taxsales.lgbs.com/api/property_sales/,availability|identity|lifecycle|discovery,REVIEW_REQUIRED,"Firm-wide reproduction/redistribution clause on www.lgbs.com whose scope over taxsales.lgbs.com is unresolved (docs/lgbs-rights-audit.md, LEGAL_REVIEW_REQUIRED). Phase 40 measured 4,197 records across 95 counties at the source; production holds 8 counties.",ACCESSIBLE,unauthenticated JSON API; robots.txt has no Disallow (lgbs-rights-audit.md section 4); run only from the manual texas job,docs/lgbs-rights-audit.md; docs/acquisition-status.md (Phase 40 per-county counts),2026-09-14,Legal review of the redistribution clause; on approval schedule the texas job and widen county coverage
tx_stratmap_land_parcels,TX,STATEWIDE,StratMap Land Parcels,Texas Geographic Information Office (TxGIO),GIS,https://geographic.texas.gov/,identity|legal|acreage|land_use|assessment|coordinates,REVIEW_REQUIRED,"Program page places deliverables in the public domain, but the land-parcel layer credits 'Various Counties, Various Vendors' - the parcel layer's own reuse terms are not settled",SOURCE_UNAVAILABLE,every query from the GitHub runners returned no count and no features (evidence run 36832816276),docs/property-enrichment.md (Investigated and not implemented),2026-10-01,Confirm the land-parcel layer licence with TxGIO; find a runner-reachable endpoint; then a ParcelSourceConfig per county
la_ebr_arcgis_parcels,LA,East Baton Rouge,EBR parcel ArcGIS service,East Baton Rouge City-Parish GIS,GIS,https://maps.brla.gov/,identity|acreage|land_use|coordinates|legal,REVIEW_REQUIRED,"The service states 'Access Constraints: copyright'; the public-domain Socrata publication (la_ebr_tax_parcels) is used instead",NOT_CHECKED,not queried for property values because of the stated constraint,docs/property-enrichment.md (Louisiana: East Baton Rouge Tax Parcel dataset),2026-10-01,Ask the City-Parish for reuse permission of acreage / land use / legal description attributes
wy_statewide_parcel_viewer,WY,STATEWIDE,Wyoming statewide parcel viewer,Wyoming state GIS,GIS,,identity|assessment|acreage|coordinates,REVIEW_REQUIRED,Only a no-warranty disclaimer was found; no reuse grant; the DEQ private-parcel service returned no layers,SOURCE_UNAVAILABLE,no layers returned,docs/property-enrichment.md (Investigated and not implemented),2026-10-01,Locate the county assessor layers and their terms
mi_county_parcels,MI,STATEWIDE,Michigan county parcel layers (Lenawee / Eaton),Michigan county GIS offices,GIS,,identity|assessment|acreage|coordinates,REVIEW_REQUIRED,"Lenawee publishes only a disclaimer; Eaton's data sits behind a click-through licence agreement not read in full",NOT_CHECKED,click-through not accepted (no account / terms accepted on the project's behalf),docs/property-enrichment.md (Investigated and not implemented),2026-10-01,Read Eaton's licence agreement in full; owner decision on acceptance
wi_dane_tax_deed_auction,WI,Dane,Dane County Tax Deed Auction pages,Dane County,GOVERNMENT,,availability|lifecycle|acquisition,REVIEW_REQUIRED,No licence; pages read 'Copyright County of Dane',NOT_CHECKED,implemented and refused before any request (source_publication.py),docs/five-state-enrichment.md,2026-10-01,Owner publication review
fl_public_notices_statewide,FL,STATEWIDE,FloridaPublicNotices.com (statutory statewide legal-notice repository),Florida Press Association / Florida Press Service,PUBLIC_NOTICE,https://www.floridapublicnotices.com/,discovery|lifecycle|source_date,REVIEW_REQUIRED,"Statutory notice repository (s. 50.0211, F.S.) of newspaper-published notices; the notices are third-party publications - facts may be used for discovery, the text is not republished; terms of automated access not reviewed",NOT_CHECKED,not requested,https://www.flsenate.gov/laws/statutes/2021/50.0211; https://flpress.com/services/public-notices/,2026-10-01,Review the site's terms of use; then a value-free notice probe keyed by case number for tax-deed notices
tx_public_notices_statewide,TX,STATEWIDE,TexasPublicNotices.com (Texas Press Association statewide notice site),Texas Press Association,PUBLIC_NOTICE,https://www.texaspress.com/public-notices,discovery|lifecycle|source_date,REVIEW_REQUIRED,"Aggregated newspaper notices (sheriff / constable tax-sale and resale notices are published as legal notices); third-party publications; terms of automated access not reviewed",NOT_CHECKED,not requested,https://www.texaspress.com/public-notices,2026-10-01,Review the site's terms; then a value-free probe for struck-off resale notices in the 8 AVAILABLE counties
la_public_notices_statewide,LA,STATEWIDE,LouisianaPublicNotice.com (Louisiana Press Association),Louisiana Press Association,PUBLIC_NOTICE,https://louisianapublicnotice.com/why-public-notices,discovery|lifecycle|source_date,REVIEW_REQUIRED,"Official-journal notices aggregated by the press association (adjudicated-property sales are noticed there); third-party publications; terms of automated access not reviewed",NOT_CHECKED,not requested,https://louisianapublicnotice.com/why-public-notices; https://www.lapress.com/,2026-10-01,Review the site's terms; then a value-free probe for East Baton Rouge adjudicated-property notices
fl_clerk_court_records,FL,STATEWIDE,County clerk court / official records (tax deed case files),Florida county clerks of court,COURT_PUBLIC_RECORD,,lifecycle|source_date|discovery,REVIEW_REQUIRED,No specific court-record source has been identified or reviewed for the Lands Available ledger; clerk portals commonly require search sessions or accepted terms,NOT_CHECKED,not requested,none yet,2026-10-01,Identify which clerks publish tax-deed case dockets openly; review each portal's terms
tx_district_clerk_tax_suits,TX,STATEWIDE,District clerk tax-suit records (struck-off judgments),Texas district clerks,COURT_PUBLIC_RECORD,,lifecycle|discovery,REVIEW_REQUIRED,No specific court-record source has been identified or reviewed; struck-off status is established by the judgment and sheriff's return,NOT_CHECKED,not requested,none yet,2026-10-01,Identify district clerk portals for the 8 AVAILABLE counties and review their terms
la_ebr_sheriff_tax_sale,LA,East Baton Rouge,EBR Sheriff tax-sale / adjudication confirmation,East Baton Rouge Parish Sheriff,GOVERNMENT,,lifecycle|acquisition,REVIEW_REQUIRED,The Parish Attorney's process tells buyers to confirm with the Sheriff that a property is still adjudicated; no Sheriff source has been read or reviewed,NOT_CHECKED,not requested,data/purchase_path_evidence.csv (Parish Attorney process),2026-10-01,Locate the Sheriff's published adjudicated / tax-sale information and review its terms
streetview_imagery,NATIONAL,NATIONAL,Google Street View imagery,Google,THIRD_PARTY,,imagery,HARD_BLOCKED,Project rule: no Street View imagery is stored or served (docs/image-rights-policy.md; owner instruction),NOT_ACCESSED_BLOCKED,never requested,docs/image-rights-policy.md,2026-10-01,None - excluded by policy
wv_auditor_land_sales,WV,STATEWIDE,State Auditor statewide certified / sold / redeemed land-sale list,West Virginia State Auditor,GOVERNMENT,,availability|lifecycle|discovery,REVIEW_REQUIRED,"The Auditor's terms grant no reuse right; WV is registered and gated (not activated)",SOURCE_UNAVAILABLE,the inventory is served through a client-script flow no parser reads,docs/six-state-expansion.md (WV row),2026-10-01,Terms review with the Auditor; a parser for the published flow only after approval
tx_hardin_cad_parcels,TX,Hardin,HardinCADWebService - Parcels,Hardin County Appraisal District (GIS hosted by BIS Consultants),GIS,https://services9.arcgis.com/8oveauLo4lI1NjDp/arcgis/rest/services/HardinCADWebService/FeatureServer/0,identity|legal|acreage|assessment|coordinates,REVIEW_REQUIRED,"No licence or terms stated on the layer; and only 1 of 9 AVAILABLE rows matches a deterministic identifier (row parcel shape 99999A, case_no 999999-999999-9-999999; layer prop_id 99999) - no crosswalk exists",ACCESSIBLE,"deep probe run 36922621158: prop_id matched 1 row, geo_id 0",scripts/discover_sources.py --deep (run 36922621158),2026-10-01,Find a published crosswalk between the LGBS account number and the CAD prop_id / geo_id; then terms review
tx_liberty_cad_parcels,TX,Liberty,LibertyCADWebService - Parcels,Liberty County Appraisal District (GIS hosted by BIS Consultants),GIS,https://services3.arcgis.com/LbQai106UcFy2LlR/arcgis/rest/services/LibertyCADWebService/FeatureServer/0,identity|legal|acreage|assessment|coordinates,REVIEW_REQUIRED,"No licence or terms stated; 0 of 113 AVAILABLE rows match (row case_no is 15 digits, layer prop_id 5 digits; geo_id empty) - no deterministic key",ACCESSIBLE,"deep probe run 36922621158: prop_id 0, geo_id 0",scripts/discover_sources.py --deep (run 36922621158),2026-10-01,Find a published crosswalk between the account number and prop_id; then terms review
tx_goliad_cad_parcels,TX,Goliad,GoliadCADWebService,Goliad County Appraisal District (GIS hosted by BIS Consultants),GIS,https://services8.arcgis.com/WbC8UcChzGlcbEPR/arcgis/rest/services/GoliadCADWebService/FeatureServer,identity|legal|acreage|coordinates,REVIEW_REQUIRED,No licence or terms stated; layer 0 returned an error to the runner,SOURCE_UNAVAILABLE,deep probe run 36922621158: layer error,scripts/discover_sources.py --deep (run 36922621158),2026-10-01,Read the service directory for the parcel layer id; then match probe and terms review
la_ebr_tax_roll,LA,East Baton Rouge,EBRP Tax Roll (data.brla.gov myfc-nh6n),East Baton Rouge Parish Assessor (Open Data BR),GIS,https://data.brla.gov/d/myfc-nh6n,identity|land_use|legal|assessment,REVIEW_REQUIRED,"Licence read live: Public Domain (same publisher and basis as the approved Tax Parcel dataset), but its identifier (assessment_no) match and the meaning of structure_use / vacant_lot_yn are not yet measured",ACCESSIBLE,catalog + metadata read in runs 36921157970 / 36922621158,scripts/discover_sources.py (Socrata catalog) and --deep,2026-10-01,Deep probe on assessment_no with category counts; configure land use only if the match is exact and the values are land-use categories
