state,source_id,county,path_type,url,evidence,observed_on,enabled,third_party_permitted,notes,evidence_url,evidence_type,source_title,instructions,review_state,proves,does_not_prove,office,address,phone,email,mailing_address,steps,application_url,payment
FL,fl_laft_pdfs,Brevard,phone_mail,,"Clerk's Lands Available page and the list document itself say a request for the current minimum bid must be in writing (email, fax or mail) and payment is accepted in the Titusville office only, in certified funds; first come, first served",2026-09-30,yes,no,"Captured by scripts/capture_purchase_evidence.py (harvest-and-sync job=evidence, run 36698285461, 2026-09-30) from the source's own page; wording quoted from the capture; reviewed by the maintainer against that capture.",https://www.brevardclerk.us/lands-available,county_page,"Lands Available - Tax Deeds / Auctions - Brevard County, Florida - Clerk of the Court","If, after review, you are interested in purchasing a property from the List of Lands Available, please submit a request in writing for the current minimum bid. Requests for bid amounts must be in writing and can be sent via email to taxdeedclerks@brevardclerk.us, fax to 321-637-2011, or by mail to Brevard County Clerk of Court, PO Box 219, Titusville, FL 32781-0219 Attn: Tax Deed Clerks. Please allow up to 30 days for a response. Payments are accepted in our Titusville office only; payment must be in certified funds. Properties on the List of Lands Available are sold on a first come, first serve basis.",verified,the source publishes this purchase / application process for its Lands Available list (Brevard County),"that any specific parcel is still available today, or its current purchase price",Brevard County Clerk of Court - Tax Deed Clerks (Titusville office),,,taxdeedclerks@brevardclerk.us,"Brevard County Clerk of Court, PO Box 219, Titusville, FL 32781-0219, Attn: Tax Deed Clerks","Review the List of Lands Available (the Clerk's PDF list) | Request the current minimum bid in writing: e-mail taxdeedclerks@brevardclerk.us, fax 321-637-2011, or mail to PO Box 219, Titusville, FL 32781-0219, Attn: Tax Deed Clerks | Allow up to 30 days for the bid amount (the amounts shown online are not the current bid) | Pay in certified funds at the Titusville office - payments are accepted there only; first come, first served",,"Certified funds, accepted in the Titusville office only"
FL,fl_laft_html,Calhoun,quoted_amount,,Clerk's List of Lands Available page says the amounts listed are no longer the opening bid and the Clerk's Office must be contacted to calculate the new amount,2026-09-30,yes,no,"Captured by scripts/capture_purchase_evidence.py (harvest-and-sync job=evidence, run 36698285461, 2026-09-30) from the source's own page; wording quoted from the capture; reviewed by the maintainer against that capture.",https://calhounclerk.com/court-services/property-sales/list-of-lands-available/,county_page,Available Lands for Purchase in Calhoun County,"After 90 days, any person or governmental unit may purchase the land for the opening bid, plus omitted years taxes, as cited in section 197.542(1), Florida Statutes. The amounts listed are no longer the opening bid. You must contact the Clerk's Office to calculate the new amount. Clerk's Office: (850) 674-4545, clerk@calhounclerk.com.",verified,the source publishes this purchase / application process for its Lands Available list (Calhoun County),"that any specific parcel is still available today, or its current purchase price",Calhoun County Clerk's Office,,(850) 674-4545,clerk@calhounclerk.com,,"Contact the Clerk's Office to calculate the current amount (the amounts listed are no longer the opening bid; purchase is for the opening bid plus omitted years' taxes, s. 197.542(1), F.S.)",,
FL,fl_laft_pioneer,Citrus,phone_mail,,"Clerk's Tax Deed portal says List of Lands Available inquiries are sent by e-mail to the Tax Deed Division with the Case # and Certificate #, or by phone",2026-09-30,yes,no,"Captured by scripts/capture_purchase_evidence.py (harvest-and-sync job=evidence, run 36698285461, 2026-09-30) from the source's own page; wording quoted from the capture; reviewed by the maintainer against that capture.",https://search.citrusclerk.org/TaxSmartWeb,county_page,Citrus County Tax Deeds,"Please send List of Lands Available inquiries to TaxDeeds@CitrusClerk.org; you will need to include the Case # and Certificate # for each case you are inquiring about. If you require additional assistance you may contact our Tax Deed Division during business hours at (352) 341-6478 or visit us at 110 N Apopka Ave, Inverness, FL 34450.",verified,the source publishes this purchase / application process for its Lands Available list (Citrus County),"that any specific parcel is still available today, or its current purchase price",Citrus County Clerk of the Circuit Court and Comptroller - Tax Deed Division,"110 N Apopka Ave, Inverness, FL 34450",(352) 341-6478,TaxDeeds@CitrusClerk.org,,"E-mail TaxDeeds@CitrusClerk.org with the Case # and Certificate # of each property you are inquiring about | For additional assistance call the Tax Deed Division at (352) 341-6478 during business hours, or visit 110 N Apopka Ave, Inverness, FL 34450",,
FL,fl_laft_pioneer,Clay,phone_mail,,Clerk's Tax Deed portal says a purchase from the List of Lands is requested by e-mailing the Clerk's office with the certificate numbers (the address is protected on the page) or by phone; the purchase price is confirmed within about 72 hours,2026-09-30,yes,no,"Captured by scripts/capture_purchase_evidence.py (harvest-and-sync job=evidence, run 36698285461, 2026-09-30) from the source's own page; wording quoted from the capture; reviewed by the maintainer against that capture.",https://landmark.clayclerk.com/TaxDeed,county_page,Clay County Tax Deeds,"If you are interested in purchasing a property from the List of Lands, please email the Clerk's office (the address is shown on the portal page) and include all applicable certificate numbers in which you are interested. Please allow up to 72 hours for our response, as additional information from the Tax Collector's Office is required in order to ascertain the purchase price. Tax Deed Division: (904) 269-6302.",verified,the source publishes this purchase / application process for its Lands Available list (Clay County),"that any specific parcel is still available today, or its current purchase price",Clay County Clerk of the Circuit Court - Tax Deed Division,,(904) 269-6302,,,E-mail the Clerk's office (the address is shown on the Tax Deed portal page) with all applicable certificate numbers you are interested in | Allow up to 72 hours for the response - the purchase price needs information from the Tax Collector's Office,,
FL,fl_laft_html,Dixie,in_person,,"Clerk's Lands Available for Taxes page says these properties must be purchased from the Clerk of Court in person, paid in full by certified or cashier's check; no electronic payments or wire transfers",2026-09-30,yes,no,"Captured by scripts/capture_purchase_evidence.py (harvest-and-sync job=evidence, run 36698285461, 2026-09-30) from the source's own page; wording quoted from the capture; reviewed by the maintainer against that capture.",https://dixieclerk.com/departments-services/court-services/lands-available-for-taxes/,county_page,Lands Available for Taxes | Dixie County Clerk of Court,"You are required to purchase these properties from the Clerk of Court in person. The purchaser will make payment in full to the Clerk of Court with a Certified/Cashier's Check at the time of purchase. We do not accept electronic payments and/or wire transfers for purchases from the List of Lands Available for Taxes. Recording Fees, Document Prep Fees and DOC Stamps must be paid in full at the time of purchase and are not included in the total purchase price posted. The purchaser is responsible for paying the current taxes and, if applicable, 1/2 of the Homestead Assessed Value. Clerk's Office: (352) 498-1200.",verified,the source publishes this purchase / application process for its Lands Available list (Dixie County),"that any specific parcel is still available today, or its current purchase price",Dixie County Clerk of Court,,(352) 498-1200,,,"Purchase in person from the Clerk of Court | Pay in full by certified or cashier's check at the time of purchase; recording fees, document prep fees and doc stamps are also due then (no electronic payments or wire transfers) | Provide the information for the new deed; the purchase receipt and recorded deed are mailed to the address you give",,"Certified or cashier's check, in full, at the time of purchase; no electronic payments or wire transfers"
FL,fl_laft_html,Franklin,quoted_amount,,Clerk's Lands Available page says the purchase price amounts stated are estimates only and the Tax Collector must be contacted for the exact amount required for purchase,2026-09-30,yes,no,"Captured by scripts/capture_purchase_evidence.py (harvest-and-sync job=evidence, run 36698285461, 2026-09-30) from the source's own page; wording quoted from the capture; reviewed by the maintainer against that capture.",https://www.franklinclerk.com/clerk-services/lands-available/,county_page,Lands Available | Franklin County Clerk of the Circuit Court & Comptroller,Purchase price amounts stated on Lands Available Properties are estimates only. Please contact the Tax Collector at (850) 653-9323 for the exact amount required for purchase.,verified,the source publishes this purchase / application process for its Lands Available list (Franklin County),"that any specific parcel is still available today, or its current purchase price",Franklin County Tax Collector,,(850) 653-9323,,,Contact the Tax Collector at (850) 653-9323 for the exact amount required for purchase (the amounts stated on the list are estimates only),,
FL,fl_laft_pioneer,Hernando,quoted_amount,,Clerk's Tax Deed portal says a buyer interested in a Lands Available property contacts the Tax Deed Department for the purchase amount,2026-09-30,yes,no,"Captured by scripts/capture_purchase_evidence.py (harvest-and-sync job=evidence, run 36698285461, 2026-09-30) from the source's own page; wording quoted from the capture; reviewed by the maintainer against that capture.",https://or.hernandoclerk.com/TaxSmart/,county_page,Hernando County Tax Deeds,"If you are interested in purchasing a property from the Lands Available, please contact the Tax Deed Department for purchase amount. Tax Deed Division: (352) 540-6772 during business hours, or visit the Tax Deed Division (Room 161).",verified,the source publishes this purchase / application process for its Lands Available list (Hernando County),"that any specific parcel is still available today, or its current purchase price",Hernando County Clerk of Court - Tax Deed Division (Room 161),,(352) 540-6772,,,"Contact the Tax Deed Department at (352) 540-6772 during business hours, or visit the Tax Deed Division (Room 161), for the purchase amount",,
FL,fl_laft_leon,Leon,phone_mail,,"Clerk's Lands Available page says information on purchasing property off the List of Lands Available is requested by e-mail to the Tax Deed administration address, with the parcel number and property address",2026-09-30,yes,no,"Captured by scripts/capture_purchase_evidence.py (harvest-and-sync job=evidence, run 36698285461, 2026-09-30) from the source's own page; wording quoted from the capture; reviewed by the maintainer against that capture.",https://lforms.leonclerk.com/tax_deeds/lands-available.html,county_page,Leon County Clerk - Lands Available,For information on purchasing property off the List of Lands Available please email Clerk_TaxDeedAdmin@leoncountyfl.gov. Please include the parcel number and property address in the body of the email along with any other questions or comments.,verified,the source publishes this purchase / application process for its Lands Available list (Leon County),"that any specific parcel is still available today, or its current purchase price",Leon County Clerk - Tax Deed Administration,,,Clerk_TaxDeedAdmin@leoncountyfl.gov,,"E-mail Clerk_TaxDeedAdmin@leoncountyfl.gov with the parcel number and the property address in the body of the e-mail, plus any questions",,
FL,fl_laft_pioneer,Levy,phone_mail,,"Clerk's Tax Deed portal says List of Lands Available information, including the current purchase price, is obtained by phone or e-mail (the address is protected on the page)",2026-09-30,yes,no,"Captured by scripts/capture_purchase_evidence.py (harvest-and-sync job=evidence, run 36698285461, 2026-09-30) from the source's own page; wording quoted from the capture; reviewed by the maintainer against that capture.",https://online.levyclerk.com/TaxSmartWeb,county_page,Levy County Tax Deeds,For List of Lands Available information including current purchase price please call 352-486-5172 or email the Tax Deed Division (the address is shown on the portal page). Tax Deed Division: (352) 486-5266 x1235.,verified,the source publishes this purchase / application process for its Lands Available list (Levy County),"that any specific parcel is still available today, or its current purchase price",Levy County Clerk of the Circuit Court and Comptroller - Tax Deed Division,,352-486-5172,,,"Call 352-486-5172, or e-mail the Tax Deed Division (the address is shown on the portal page), for List of Lands Available information including the current purchase price; Tax Deed Division (352) 486-5266 x1235",,
FL,fl_laft_html,Madison,quoted_amount,,Clerk's Lands Available page says the amounts listed are no longer the opening bid and the tax deed clerk must be contacted to calculate the new amount,2026-09-30,yes,no,"Captured by scripts/capture_purchase_evidence.py (harvest-and-sync job=evidence, run 36698285461, 2026-09-30) from the source's own page; wording quoted from the capture; reviewed by the maintainer against that capture.",https://www.madisonclerk.com/list-of-lands-available-for-taxes/,county_page,Lands Available | Madison County Clerk of Court & Comptroller,"Amounts listed are no longer the opening bid; you must contact the tax deed clerk to calculate the new amount. Clerk's Office: (850) 973-1500, BWashington@MadisonClerk.com.",verified,the source publishes this purchase / application process for its Lands Available list (Madison County),"that any specific parcel is still available today, or its current purchase price",Madison County Clerk of Court & Comptroller - tax deed clerk,,(850) 973-1500,BWashington@MadisonClerk.com,,Contact the tax deed clerk to calculate the current amount (the amounts listed are no longer the opening bid),,
FL,fl_laft_orange,Orange,amount_plus_costs,,"Comptroller's Land Available For Taxes page states the purchase amount as the opening bid plus omitted years' taxes under section 197.542(1), Florida Statutes, and names the Tax Deed Sale Search and the GIS application for finding the properties",2026-09-30,yes,no,"Captured by scripts/capture_purchase_evidence.py (harvest-and-sync job=evidence, run 36698285461, 2026-09-30) from the source's own page; wording quoted from the capture; reviewed by the maintainer against that capture.",https://occompt.com/158/Land-Available-For-Taxes,county_page,"Land Available For Taxes | Orange County Comptroller, FL","After 90 days, any person or governmental unit may purchase the land for the opening bid, plus omitted years taxes, as cited in section 197.542(1), Florida Statutes. To search for properties on the list of Lands Available for Taxes, use the Tax Deed Sale Search and select ""Lands Available"" in the Status field. Official Records/Recording: 407-836-5115; Administration & General Inquiry: 407-836-5690.",verified,the source publishes this purchase / application process for its Lands Available list (Orange County),"that any specific parcel is still available today, or its current purchase price",Orange County Comptroller,,407-836-5690,,,"Find the property with the Tax Deed Sale Search, Status field set to ""Lands Available"" (or on the Comptroller's GIS application) | Purchase for the opening bid plus omitted years' taxes, as cited in section 197.542(1), Florida Statutes",,
FL,fl_laft_pdfs,Pasco,phone_mail,,Clerk's 'Purchasing Property Off the Lists of Lands' page and the list document say a request for the current purchase price must be submitted in writing to the Clerk's Dade City address with the parcel and tax-deed numbers; after notification the purchase is completed in person by certified cashier's check or cash,2026-09-30,yes,no,"Captured by scripts/capture_purchase_evidence.py (harvest-and-sync job=evidence, run 36698285461, 2026-09-30) from the source's own page; wording quoted from the capture; reviewed by the maintainer against that capture.",https://www.pascoclerk.com/202/Purchasing-Property-off-the-Lists-of-Lan,county_page,"Purchasing Property Off the Lists of Lands | Pasco County Clerk, FL","To purchase property from the Lists of Lands available for taxes, a request for the current purchase price must be submitted in writing to: Pasco County Clerk & Comptroller, 14236 Sixth Street, Suite 201, Dade City, FL 33523-3414. The request must contain the parcel number, the tax-deed number assigned to the property, and the name, address and telephone number of the inquiring party. Purchase prices good through several months will be provided. After receiving notification of the purchase price, payment must be made by certified cashier's check drawn from a Florida bank, or cash, and the transaction must be completed in person at the East Pasco Government Center; to coordinate the transaction contact the Tax Deed Division at (352) 521-4408 or (800) 368-2411 ext. 4408.",verified,the source publishes this purchase / application process for its Lands Available list (Pasco County),"that any specific parcel is still available today, or its current purchase price",Pasco County Clerk & Comptroller - Tax Deed Division,"East Pasco Government Center, 14236 Sixth Street, Suite 201, Dade City, FL 33523",(352) 521-4408 or (800) 368-2411 ext. 4408,,"Pasco County Clerk & Comptroller, 14236 Sixth Street, Suite 201, Dade City, FL 33523-3414","Submit a written request for the current purchase price to the Clerk & Comptroller, 14236 Sixth Street, Suite 201, Dade City, FL 33523-3414, with the parcel number, the tax-deed number and your name, address and telephone number | Wait for the notification of the current purchase price (by mail or e-mail; prices are good through the period stated) | Contact the Tax Deed Division at (352) 521-4408 or (800) 368-2411 ext. 4408 to coordinate the transaction | Complete the purchase in person at the East Pasco Government Center, 14236 Sixth Street, Suite 201, Dade City, paying by certified cashier's check drawn on a Florida bank or cash",,"Certified cashier's check drawn on a Florida bank, or cash; in person"
FL,fl_laft_pdfs,Volusia,quoted_amount,,Clerk's Lands Available for Taxes list document says the current purchase price is obtained by calling the Tax Deed Department,2026-09-30,yes,no,"Captured by scripts/capture_purchase_evidence.py (harvest-and-sync job=evidence, run 36698285461, 2026-09-30) from the source's own page; wording quoted from the capture; reviewed by the maintainer against that capture.",https://app02.clerk.org/cm_rpt/lands/LandsAvailableForTaxes.pdf,county_document,Lands Available For Taxes (Volusia County Clerk list document),"For the current purchase price, call the Tax Deed Department at (386) 736-5919.",verified,the source publishes this purchase / application process for its Lands Available list (Volusia County),"that any specific parcel is still available today, or its current purchase price",Volusia County Clerk - Tax Deed Department,,(386) 736-5919,,,Call the Tax Deed Department at (386) 736-5919 for the current purchase price,,
FL,fl_laft_html,Sumter,quoted_amount,,Clerk's List of Lands Available page says the amounts listed are no longer the opening bid and the Clerk's Office must be contacted to calculate the new amount,2026-09-30,yes,no,"Captured by scripts/capture_purchase_evidence.py (harvest-and-sync job=evidence, run 36698285461, 2026-09-30) from the source's own page; wording quoted from the capture; reviewed by the maintainer against that capture.",https://www.sumterclerk.com/public-records/tax-deeds/land-available-for-taxes/,county_page,"List of Lands Available | Sumter County, FL | Clerk of Court & Comptroller","After 90 days, any person or governmental unit may purchase the land for the opening bid, plus omitted years taxes, as cited in section 197.542(1), Florida Statutes. The amounts listed are no longer the opening bid. You must contact the Clerk's Office to calculate the new amount. Main Office: (352) 569-6600.",verified,the source publishes this purchase / application process for its Lands Available list (Sumter County),"that any specific parcel is still available today, or its current purchase price",Sumter County Clerk of Court & Comptroller,,(352) 569-6600,,,Contact the Clerk's Office to calculate the current amount (the amounts listed are no longer the opening bid),,
FL,fl_laft_html,Taylor,quoted_amount,,Clerk's List of Lands Available page says the amounts listed are no longer the opening bid and the Clerk's Office must be contacted to calculate the new amount,2026-09-30,yes,no,"Captured by scripts/capture_purchase_evidence.py (harvest-and-sync job=evidence, run 36698285461, 2026-09-30) from the source's own page; wording quoted from the capture; reviewed by the maintainer against that capture.",https://taylorclerk.com/departments/list-of-lands-available/,county_page,List of Lands Available | Taylor Clerk of the Circuit Court,The amounts listed are no longer the opening bid. You must contact the Clerk's Office to calculate the new amount. Clerk's Office: (850) 838-3506.,verified,the source publishes this purchase / application process for its Lands Available list (Taylor County),"that any specific parcel is still available today, or its current purchase price",Taylor County Clerk of the Circuit Court,,(850) 838-3506,,,Contact the Clerk's Office to calculate the current amount (the amounts listed are no longer the opening bid),,
FL,fl_laft_pdfs,Marion,amount_plus_costs,,"Clerk's Tax Deeds and Lands Available for Taxes page (linked from the Land Available for Taxes Information page) states the purchase amount (opening bid plus omitted years' taxes), where the current month's amounts are published, the accepted payment forms, the recording fees and documentary stamps, and that a tax deed is issued on receipt of the funds",2026-09-30,yes,no,"Captured by scripts/capture_purchase_evidence.py --follow (harvest-and-sync job=evidence, runs 36717720575 and 36718027256, 2026-09-30): the page was reached by a link present on the county's own Land Available for Taxes Information page; wording quoted from the capture; reviewed by the maintainer against that capture. No phone recorded: the page shows two numbers and the capture does not establish which one handles this process.",https://www.marioncountyclerk.org/departments/records-recording/tax-deeds-and-lands-available-for-taxes/,county_page,Tax Deeds | Marion County Clerk of Court and Comptroller,"The list of Lands Available for Taxes is properties that were offered, but not purchased, at a Tax Deed Sale. After 90 days, any person or governmental unit may purchase the land for the opening bid, plus omitted years' taxes, as cited in Florida Administrative Code 12D-13.064(3). The current month's purchase amounts of the properties available for purchase can be found in the ""Lands Available for Taxes Information"" portion of this site. The purchase amount is payable by certified check, cashier's check, or money order. Recording fees of $10.00 for the first page and $8.50 for each additional page, and documentary stamps at 70 cents per hundred dollars are also collected. Upon receipt of the funds to purchase a property from the list of Lands Available for Taxes, a tax deed is issued as requested.",verified,the source publishes this purchase process for its Lands Available list (Marion County),"that any specific parcel is still available today, or its current purchase price",Marion County Clerk of Court and Comptroller,,,,,"Find the property's current month purchase amount on the Clerk's ""Lands Available for Taxes Information"" page | Pay the purchase amount - the opening bid plus omitted years' taxes (F.A.C. 12D-13.064(3)) - by certified check, cashier's check or money order | Pay the recording fees ($10.00 for the first page, $8.50 for each additional page) and documentary stamps (70 cents per hundred dollars) by certified check, cashier's check or money order | On receipt of the funds, the Clerk issues a tax deed as requested",,"Certified check, cashier's check or money order (purchase amount, recording fees and documentary stamps)"
