County,Host
Alachua,alachua.realtaxdeed.com
Baker,baker.realtaxdeed.com
Bay,bay.realtaxdeed.com
Brevard,brevard.realforeclose.com
Broward,broward.realtaxdeed.com
Calhoun,calhoun.realforeclose.com
Charlotte,charlotte.realforeclose.com
Citrus,citrus.realtaxdeed.com
Clay,clay.realtaxdeed.com
Duval,duval.realtaxdeed.com
Escambia,escambia.realtaxdeed.com
Flagler,flagler.realtaxdeed.com
Gilchrist,gilchrist.realtaxdeed.com
Gulf,gulf.realtaxdeed.com
Hendry,hendry.realtaxdeed.com
Hernando,hernando.realtaxdeed.com
Highlands,highlands.realtaxdeed.com
Hillsborough,hillsborough.realtaxdeed.com
Indian River,indian-river.realtaxdeed.com
Jackson,jackson.realtaxdeed.com
Lake,lake.realtaxdeed.com
Lee,lee.realtaxdeed.com
Leon,leon.realtaxdeed.com
Manatee,manatee.realforeclose.com
Marion,marion.realtaxdeed.com
Martin,martin.realtaxdeed.com
Miami-Dade,miami-dade.realtaxdeed.com
Monroe,monroe.realtaxdeed.com
Nassau,nassau.realtaxdeed.com
Okeechobee,okeechobee.realtaxdeed.com
Orange,orange.realtaxdeed.com
Osceola,osceola.realtaxdeed.com
Palm Beach,palm-beach.realtaxdeed.com
Pasco,pasco.realtaxdeed.com
Pinellas,pinellas.realtaxdeed.com
Polk,polk.realtaxdeed.com
Putnam,putnam.realtaxdeed.com
Santa Rosa,santa-rosa.realtaxdeed.com
Sarasota,sarasota.realtaxdeed.com
Seminole,seminole.realtaxdeed.com
St. Johns,saintjohns.realtaxdeed.com
St. Lucie,st-lucie.realforeclose.com
Suwannee,suwannee.realtaxdeed.com
Volusia,volusia.realtaxdeed.com
Walton,walton.realforeclose.com
Washington,washington.realtaxdeed.com
