state,ledger,status,note,evidence
FL,AUCTIONS,TRACKED,"County tax deed sales (RealAuction, Bid4Assets for Okaloosa).",
FL,AVAILABLE,TRACKED,"Lands Available for Taxes lists, county by county.",
FL,LIENS_CERTIFICATES,TRACKED,County tax certificates (LienHub).,
TX,AUCTIONS,TRACKED,"Sheriff / county tax sales (LGBS, RealAuction) - manual harvest only.",
TX,AVAILABLE,TRACKED,Struck-off property offered for resale (LGBS) - manual harvest only.,
TX,LIENS_CERTIFICATES,NOT_TRACKED,No certificate product is tracked; Texas tax sales convey a deed subject to redemption (not verified here).,
LA,AUCTIONS,NOT_TRACKED,No Louisiana auction source is tracked.,
LA,AVAILABLE,TRACKED,East Baton Rouge adjudicated property (a dated list).,
LA,LIENS_CERTIFICATES,NOT_TRACKED,No Louisiana certificate source is tracked.,
MI,AUCTIONS,TRACKED,Eaton and Lenawee county tax / foreclosure sales.,
MI,AVAILABLE,TRACKED,Detroit Land Bank and Oceana County Land Bank inventories (awaiting customer-publication review).,
MI,LIENS_CERTIFICATES,NOT_TRACKED,No Michigan certificate source is tracked.,
WY,AUCTIONS,TRACKED,"Albany County's tax sale list - the sale sells lien certificates, not the land.",
WY,AVAILABLE,NOT_TRACKED,No Wyoming post-sale available source is tracked.,
WY,LIENS_CERTIFICATES,NOT_TRACKED,No certificates exist before the sale; none are tracked after it.,
SC,AUCTIONS,TRACKED,York County's tax sale list.,
SC,AVAILABLE,TRACKED,Horry and Georgetown Forfeited Land Commission lists (awaiting customer-publication review).,
SC,LIENS_CERTIFICATES,NOT_TRACKED,No South Carolina certificate source is tracked.,
CO,AUCTIONS,TRACKED,"Douglas County's advertised tax lien sale list (a sale of liens, not land).",
CO,AVAILABLE,NOT_TRACKED,No Colorado post-sale available source is tracked.,
CO,LIENS_CERTIFICATES,TRACKED,Morgan County certificates and Douglas County county-held liens.,
WI,AUCTIONS,TRACKED,Green County tax deed sales (sealed bid).,
WI,AVAILABLE,NOT_TRACKED,No Wisconsin post-sale available source is tracked.,
WI,LIENS_CERTIFICATES,NOT_TRACKED,No Wisconsin certificate source is tracked.,
MO,AUCTIONS,NOT_TRACKED,No Missouri auction source is tracked.,
MO,AVAILABLE,TRACKED,St. Louis Land Reutilization Authority inventory (awaiting review).,
MO,LIENS_CERTIFICATES,NOT_TRACKED,No Missouri certificate source is tracked.,
OK,AUCTIONS,NOT_TRACKED,No Oklahoma auction source is tracked.,
OK,AVAILABLE,TRACKED,Oklahoma County county-owned property (awaiting review).,
OK,LIENS_CERTIFICATES,NOT_TRACKED,No Oklahoma certificate source is tracked.,
PA,AUCTIONS,NOT_TRACKED,No Pennsylvania auction source is tracked.,
PA,AVAILABLE,TRACKED,Fayette County repository list (awaiting review).,
PA,LIENS_CERTIFICATES,NOT_TRACKED,No Pennsylvania certificate source is tracked.,
MN,AUCTIONS,NOT_TRACKED,No Minnesota auction source is tracked.,
MN,AVAILABLE,TRACKED,Ramsey County tax-forfeited land (awaiting review).,
MN,LIENS_CERTIFICATES,NOT_TRACKED,No Minnesota certificate source is tracked.,
TN,AUCTIONS,NOT_TRACKED,No Tennessee auction source is tracked.,
TN,AVAILABLE,TRACKED,Shelby County Land Bank inventory (awaiting review).,
TN,LIENS_CERTIFICATES,NOT_TRACKED,No Tennessee certificate source is tracked.,
