state,county,topic,kind,status,statement,source_url,source_title,citation,effective_date,verified_on,evidence,ambiguity,ledger,office,related_sources,depends_on,implementation_status,test_ref,version,changed_on
FL,,opening_bid,LAW,VERIFIED,"At a tax deed sale on a county-held certificate, the opening bid is the sum of all outstanding certificates on the property plus omitted years' taxes, delinquent taxes, current taxes if due, interest, and all costs and fees paid by the county. On homestead property it also includes one-half of the latest assessed value.",https://www.leg.state.fl.us/statutes/index.cfm?App_mode=Display_Statute&URL=0100-0199/0197/Sections/0197.502.html,"Florida Statutes, section 197.502","F.S. 197.502(6)(a), (6)(c)",2026,2026-10-05,2026 Florida Statutes read from the Legislature's site through a read-only capture on 2026-10-05; quoted in docs/available-amount-semantics.md section 2,,AUCTIONS,Clerk of the Circuit Court and Comptroller,fl_realauction fl_bid4assets_okaloosa,"app.js amountInfo() / auctionBidLabel(): a Florida auction figure is the opening bid, never the final price; fees() no longer adds the homestead half",IMPLEMENTED,tests/python/test_amount_semantics.py,1,2026-10-10
FL,,certificate_instrument,LAW,VERIFIED,"A tax deed is applied for on a tax certificate: either a county-held certificate or an individual's certificate (the amount paid at application and the amount to redeem the applicant's certificate enter the opening bid). The certificate is a lien instrument held by the county or a purchaser - it is not ownership of the property, and only a tax deed application and sale can convey the land.",https://www.leg.state.fl.us/statutes/index.cfm?App_mode=Display_Statute&URL=0100-0199/0197/Sections/0197.502.html,"Florida Statutes, section 197.502",F.S. 197.502(6)(a)-(b),2026,2026-10-05,2026 Florida Statutes read from the Legislature's site through a read-only capture on 2026-10-05; quoted in docs/available-amount-semantics.md section 2,,LIENS_CERTIFICATES,Tax Collector (certificates); Clerk of the Circuit Court (tax deed application),fl_lienhub_certificates,"app.js LEDGERS.certificate copy: the lien, never the land; certificate rows never show an ownership or purchase-of-land claim",IMPLEMENTED,tests/python/test_three_ledgers.py,1,2026-10-10
FL,,available_after_sale,LAW,VERIFIED,"Property on the county's list of lands available for taxes may, after 90 days, be purchased from the clerk by anyone for the opening bid; interest on the opening bid continues to accrue through the month of sale.",https://www.leg.state.fl.us/statutes/index.cfm?App_mode=Display_Statute&URL=0100-0199/0197/Sections/0197.502.html,"Florida Statutes, section 197.502",F.S. 197.502(7),2026,2026-10-05,2026 Florida Statutes read from the Legislature's site through a read-only capture on 2026-10-05; quoted in docs/available-amount-semantics.md section 2,,AVAILABLE,Clerk of the Circuit Court and Comptroller,fl_laft_html fl_laft_pdfs fl_laft_pioneer fl_laft_realtdm,app.js FL_LAFT_ADDITIONS / amountInfo(): a Lands Available opening bid is not the purchase price - interest and later taxes are added,IMPLEMENTED,tests/python/test_amount_semantics.py,1,2026-10-10
FL,,purchaser_costs,LAW,VERIFIED,"The purchaser pays the documentary stamp tax and the recording fees, and delinquent taxes or certificates that arose after the tax deed application must be paid.",https://www.leg.state.fl.us/statutes/index.cfm?App_mode=Display_Statute&URL=0100-0199/0197/Sections/0197.542.html,"Florida Statutes, section 197.542",F.S. 197.542(1),2026,2026-10-05,2026 Florida Statutes read from the Legislature's site through a read-only capture on 2026-10-05; quoted in docs/available-amount-semantics.md section 2,,AVAILABLE,Clerk of the Circuit Court and Comptroller,fl_laft_html fl_laft_pdfs fl_laft_pioneer fl_laft_realtdm,"app.js FL_LAFT_ADDITIONS: documentary stamp tax and recording fees are listed as additions, never summed into a price",IMPLEMENTED,tests/python/test_amount_semantics.py,1,2026-10-10
FL,,available_escheat,UNRESOLVED,NOT_VERIFIED,Whether and when unsold Lands Available property escheats to the county is cited in this repository (F.S. 197.502(8)) but that subsection's text has not been read and recorded.,https://www.leg.state.fl.us/statutes/index.cfm?App_mode=Display_Statute&URL=0100-0199/0197/Sections/0197.502.html,"Florida Statutes, section 197.502",F.S. 197.502(8) (lead only),,,,,AVAILABLE,Clerk of the Circuit Court / Board of County Commissioners,fl_laft_html fl_laft_pdfs fl_laft_pioneer fl_laft_realtdm,Shown on the State rules page; no computation depends on it,DISPLAY_ONLY,tests/python/test_state_rules.py,1,2026-10-10
FL,,certificate_term,UNRESOLVED,NOT_VERIFIED,How long a tax certificate stays valid is cited in this repository (F.S. 197.482) but the section has not been read and recorded.,https://www.leg.state.fl.us/statutes/index.cfm?App_mode=Display_Statute&URL=0100-0199/0197/Sections/0197.482.html,"Florida Statutes, section 197.482",F.S. 197.482 (lead only),,,,,LIENS_CERTIFICATES,Tax Collector,fl_lienhub_certificates,Shown on the State rules page; no computation depends on it,DISPLAY_ONLY,tests/python/test_state_rules.py,1,2026-10-10
FL,,redemption,UNRESOLVED,NOT_VERIFIED,Florida's rules for redeeming a certificate before a tax deed is issued have not been read and recorded here.,https://www.leg.state.fl.us/statutes/index.cfm?App_mode=Display_Statute&URL=0100-0199/0197/0197.html,"Florida Statutes, chapter 197",,,,,,LIENS_CERTIFICATES,Tax Collector,fl_realauction fl_bid4assets_okaloosa,Shown on the State rules page; no computation depends on it,DISPLAY_ONLY,tests/python/test_state_rules.py,1,2026-10-10
FL,,auction_source,SOURCE,VERIFIED,County tax deed sale calendars and published results are read from each county's RealAuction site. Closed and canceled items are served to the same anonymous session as the upcoming list; a result is shown only through a published wording mapped in data/auction_outcome_wordings.csv.,https://alachua.realtaxdeed.com/index.cfm?zaction=USER&zmethod=CALENDAR,RealAuction county tax deed sites (Alachua shown; one site per county),,,2026-09-30,"docs/auction-outcomes.md (AREA=C capture, scripts/realauction_results.py)",,AUCTIONS,Clerk of the Circuit Court,fl_realauction fl_bid4assets_okaloosa,Shown on the State rules page; no computation depends on it,DISPLAY_ONLY,tests/python/test_state_rules.py,1,2026-10-10
FL,,registration_deposit,UNRESOLVED,NOT_VERIFIED,"Bidder registration, deposit and payment deadlines are set per county and per auction site. They are not recorded statewide; see each county's verified procedure below when one exists.",,,,,,,,AUCTIONS,Clerk of the Circuit Court,fl_realauction fl_bid4assets_okaloosa,Shown on the State rules page; no computation depends on it,DISPLAY_ONLY,tests/python/test_state_rules.py,1,2026-10-10
TX,,redemption,UNRESOLVED,NOT_VERIFIED,"Texas Tax Code section 34.21 governs redemption after a tax sale (this app's Texas copy summarises 180 days, or 2 years for homestead / agricultural property). The statute's text has not been read and recorded here, and the summary is flagged for counsel review (docs/legal/pre-sale-counsel-review.md).",https://statutes.capitol.texas.gov/Docs/TX/htm/TX.34.htm,"Texas Tax Code, chapter 34",Tex. Tax Code 34.21 (lead only),,,,Counsel review open,AUCTIONS,,tx_realauction tx_lgbs,Shown on the State rules page; no computation depends on it,DISPLAY_ONLY,tests/python/test_state_rules.py,1,2026-10-10
TX,,tax_sale_model,UNRESOLVED,NOT_VERIFIED,"Texas tax foreclosure sales (Tex. Tax Code 34.01), property struck off to a taxing unit when no sufficient bid is received, and a taxing unit's later resale of struck-off property (34.05) are three different events. Which one a listing represents is read from the source's own status, never guessed; struck-off property is not automatically for sale, and not at a fixed price. The statutes themselves have not been read here (lead only).",https://statutes.capitol.texas.gov/Docs/TX/htm/TX.34.htm,"Texas Tax Code, chapter 34","Tex. Tax Code 34.01, 34.05 (lead only)",,,,,AUCTIONS,County Sheriff or Constable; taxing units,tx_realauction tx_lgbs,harvesters/texas_harvester.py LGBS_STATUS_TO_LEDGER: a row's ledger comes from the source's own status; app.js TX Available copy says struck-off property is not automatically for sale,IMPLEMENTED,tests/python/test_three_ledgers.py,2,2026-10-10
TX,,source_access,SOURCE,VERIFIED,"Texas listings come from the delinquent-tax counsel's sale site (LGBS) and RealAuction county sheriff-sale sites. They are read only by a manual harvest, never on a schedule, so their freshness is the date of the last manual read.",https://taxsales.lgbs.com/,LGBS tax sales site; RealAuction Texas sites,,,2026-10-01,unit_freshness.MANUAL_ONLY_SOURCES; tests/python/test_data_quality_fixes.py test_texas_job_is_manual_only_and_the_freshness_set_matches; docs/lgbs-rights-audit.md,,ALL,,tx_lgbs tx_realauction,Shown on the State rules page; no computation depends on it,DISPLAY_ONLY,tests/python/test_state_rules.py,1,2026-10-10
TX,,parcel_identity,SOURCE,VERIFIED,"On LGBS and RealAuction listings the CAD account number identifies the parcel. The listing's tax-suit cause number can cover several parcels, so it is shown as a cause, never as a parcel number.",https://taxsales.lgbs.com/,LGBS tax sales site; RealAuction Texas sites,,,2026-10-10,"harvesters/texas_harvester.py TexasSaleRow (cause_number -> parcel, account_number -> case_no); read-only SQL 2026-10-10: 32 LGBS causes on 2-26 active rows each",,ALL,County appraisal district (CAD),tx_lgbs tx_realauction,app.js parcelOf() / causeOf(): the CAD account is the parcel identity; a cause number is never a parcel,IMPLEMENTED,tests/python/test_data_quality_sprint.py,1,2026-10-10
LA,East Baton Rouge,source_dated_list,SOURCE,VERIFIED,"East Baton Rouge Parish publishes its adjudicated-property list as open data under a Public Domain licence. The list's own last update is 2024-02-27, so it is shown as a dated list, never as current availability.",https://data.brla.gov/Housing-and-Development/Adjudicated-Property/a4h4-zi7e,East Baton Rouge open data: Adjudicated Property,,,2026-09-30,"docs/state-expansion.md (Socrata metadata licenseId=PUBLIC_DOMAIN, rowsUpdatedAt)",,AVAILABLE,East Baton Rouge Parish,la_ebr_adjudicated,app.js isDatedList(): an ADJUDICATED_PROPERTY row is never called 'available now',IMPLEMENTED,tests/python/test_state_expansion_la.py,1,2026-10-10
LA,,adjudicated_property_law,UNRESOLVED,NOT_VERIFIED,Louisiana's statutes on adjudicated property and its sale have not been read and recorded here.,https://www.legis.la.gov/legis/LawSearch.aspx,Louisiana Laws (search),,,,,,AVAILABLE,,la_ebr_adjudicated,Shown on the State rules page; no computation depends on it,DISPLAY_ONLY,tests/python/test_state_rules.py,1,2026-10-10
MI,,tax_sale_model,UNRESOLVED,NOT_VERIFIED,Michigan's tax foreclosure and auction statute (the General Property Tax Act) has not been read and recorded here. Each tracked county's own sale page is recorded below.,https://www.legislature.mi.gov,Michigan Legislature,MCL 211.78 et seq. (lead only),,,,,AUCTIONS,,mi_eaton_treasurer_sale mi_lenawee_tax_sale,Shown on the State rules page; no computation depends on it,DISPLAY_ONLY,tests/python/test_state_rules.py,1,2026-10-10
MI,,land_bank_inventory,SOURCE,VERIFIED,The Detroit Land Bank Authority and the Oceana County Land Bank publish their own inventories. Both are collected and await customer-publication review; customers do not see them until a review approves them.,https://www.arcgis.com/home/item.html?id=848bc665295f4ca9b1e25068ffa88ab0,Detroit Land Bank Authority inventory (ArcGIS item); Oceana County Land Bank page,,,2026-10-02,docs/available-inventory.md; harvesters/otc/adapters/expansion.py PUBLICATION (UNREVIEWED),,AVAILABLE,Land bank authority,mi_detroit_landbank_lots mi_detroit_landbank_programs mi_oceana_landbank,Shown on the State rules page; no computation depends on it,DISPLAY_ONLY,tests/python/test_state_rules.py,1,2026-10-10
WY,Albany,tax_sale_model,PROCEDURE,VERIFIED,"Albany County's tax sale sells a tax lien certificate on each listed parcel, not the land. No certificate exists before the sale.",https://www.arcgis.com/home/item.html?id=239e5314f25f4e9898f9201d36301af9,"Albany County 2026 tax sale properties, 1st list (ArcGIS item)",,,2026-09-30,docs/six-state-expansion.md (WY row: 'the sale sells certificates; none exist before the sale'),,AUCTIONS|LIENS_CERTIFICATES,Albany County Treasurer,wy_albany_tax_sale,"app.js EXPANSION_LEDGER_COPY.auction.WY: the sale sells a lien certificate, not the land",IMPLEMENTED,tests/python/test_state_rules.py,1,2026-10-10
WY,,tax_sale_law,UNRESOLVED,NOT_VERIFIED,Wyoming's tax sale and redemption statutes have not been read and recorded here.,https://wyoleg.gov,Wyoming Legislature,,,,,,AUCTIONS,,wy_albany_tax_sale,Shown on the State rules page; no computation depends on it,DISPLAY_ONLY,tests/python/test_state_rules.py,1,2026-10-10
SC,Georgetown,redemption,PROCEDURE,VERIFIED,The Georgetown County Forfeited Land Commission's own pages state that properties from the most recent tax sale are still in the redemption period. This app treats a land row as available only after its sale is past a twelve-month redemption period.,https://www.gtcountysc.gov/415/Forfeited-Land-Commission,Georgetown County Forfeited Land Commission,,,2026-10-02,docs/sc-available-inventory.md (runs 37033274319 / 37035908843 / 37036374756); harvesters/otc/adapters/sc_flc.py REDEMPTION_MONTHS,,AVAILABLE,Georgetown County Forfeited Land Commission,sc_york_tax_sale,harvesters/otc/adapters/sc_flc.py: only a Georgetown LAND row past the redemption period is AVAILABLE,IMPLEMENTED,tests/python/test_sc_available.py,1,2026-10-10
SC,,redemption_law,UNRESOLVED,NOT_VERIFIED,South Carolina's twelve-month redemption period is cited here (S.C. Code 12-51-90) but the section's text has not been read and recorded.,https://www.scstatehouse.gov/code/t12c051.php,"South Carolina Code, Title 12 Chapter 51",S.C. Code 12-51-90 (lead only),,,,,AUCTIONS,,sc_york_tax_sale,Shown on the State rules page; no computation depends on it,DISPLAY_ONLY,tests/python/test_state_rules.py,1,2026-10-10
SC,Georgetown,forfeited_land_deed,PROCEDURE,VERIFIED,"Forfeited Land Commission property is offered 'AS IS, WHERE IS'; the transferring deed is a quit claim deed, and the Commission decides a bidder application and then states the total amount due.",https://www.gtcountysc.gov/415/Forfeited-Land-Commission,Georgetown County Forfeited Land Commission program page,,,2026-10-02,harvesters/otc/adapters/sc_flc.py module docstring (program page quotes),,AVAILABLE,Georgetown County Forfeited Land Commission,sc_georgetown_forfeited_land,Shown on the State rules page; no computation depends on it,DISPLAY_ONLY,tests/python/test_state_rules.py,1,2026-10-10
CO,Douglas,tax_sale_model,PROCEDURE,VERIFIED,"Douglas County's annual tax lien sale sells a lien on each advertised account, not the land. The Treasurer states the 2026 internet tax lien sale is held November 5, 2026.",https://www.arcgis.com/home/item.html?id=87f9905d9faf4ae3a7a385c0707717b5,Douglas County Tax Sale List Locations (open data item; Treasurer's sale notice),,,2026-10-01,harvesters/otc/adapters/expansion.py CO_DOUGLAS_TAX_SALE_LIST notes (five_state runs 36793062673 / 36793611223 / 36793980491),,AUCTIONS|LIENS_CERTIFICATES,Douglas County Treasurer,co_douglas_tax_sale_list,"app.js EXPANSION_LEDGER_COPY.auction.CO: a sale of liens, not the land",IMPLEMENTED,tests/python/test_state_rules.py,1,2026-10-10
CO,,tax_lien_law,UNRESOLVED,NOT_VERIFIED,"Colorado's tax lien sale, redemption and treasurer's deed statutes have not been read and recorded here.",https://leg.colorado.gov,Colorado General Assembly,,,,,,LIENS_CERTIFICATES,,co_morgan_county_held_certificates co_douglas_county_held_liens,Shown on the State rules page; no computation depends on it,DISPLAY_ONLY,tests/python/test_state_rules.py,1,2026-10-10
WI,,tax_deed_law,UNRESOLVED,NOT_VERIFIED,"Wisconsin counties sell tax-deeded land by bid (Wis. Stat. 75.35 / 75.69 are cited from a search, not read).",https://docs.legis.wisconsin.gov/statutes/statutes/75,"Wisconsin Statutes, chapter 75","Wis. Stat. 75.35, 75.69 (lead only)",,,,,AUCTIONS,,wi_green_tax_deed_sales,Shown on the State rules page; no computation depends on it,DISPLAY_ONLY,tests/python/test_state_rules.py,1,2026-10-10
MO,St. Louis City,acquisition_process,UNRESOLVED,NOT_VERIFIED,The St. Louis Land Reutilization Authority's inventory publishes no price and no application process; the LRA's process has not been captured.,https://www.stlouis-mo.gov/data/datasets/dataset.cfm?id=30,City of St. Louis open data: LRA inventory,,,,,,AVAILABLE,Land Reutilization Authority,mo_stl_lra_inventory,Shown on the State rules page; no computation depends on it,DISPLAY_ONLY,tests/python/test_state_rules.py,1,2026-10-10
MO,,land_bank_law,UNRESOLVED,NOT_VERIFIED,Missouri's land reutilization statutes have not been read and recorded here.,https://revisor.mo.gov,Missouri Revisor of Statutes,,,,,,AVAILABLE,,mo_stl_lra_inventory,Shown on the State rules page; no computation depends on it,DISPLAY_ONLY,tests/python/test_state_rules.py,1,2026-10-10
OK,Oklahoma,county_owned_sale,PROCEDURE,VERIFIED,"Oklahoma County's list states: 'Once the County owns these properties, they can be purchased by the public through a bidding process.' Bids go on the Treasurer's bid form; the list's 'Suggested Initial Bid Amount' is a suggestion, not a stated minimum or price.",https://docs.oklahomacounty.org/treasurer/CountyOwnedList.asp,Oklahoma County Treasurer - County Owned Property,,,2026-10-04,docs/available-expansion-2026-10.md (runs 37203515518 / 37203652975 / 37204541253),,AVAILABLE,Oklahoma County Treasurer,ok_oklahoma_county_owned,Shown on the State rules page; no computation depends on it,DISPLAY_ONLY,tests/python/test_state_rules.py,1,2026-10-10
OK,,tax_sale_law,UNRESOLVED,NOT_VERIFIED,Oklahoma's tax resale statutes have not been read and recorded here.,https://www.oscn.net,Oklahoma State Courts Network (statutes),,,,,,AUCTIONS,,,Shown on the State rules page; no computation depends on it,DISPLAY_ONLY,tests/python/test_state_rules.py,1,2026-10-10
PA,Fayette,repository_sale,PROCEDURE,VERIFIED,Fayette County Tax Claim Bureau repository properties are sold by sealed bid; rows the list marks 'Bid Received' are pending. The list is dated by its own document name (Repository Update 10-7-2025).,https://www.fayettecountypa.org/DocumentCenter/View/9761/Repository-Update-10-7-2025,Fayette County Tax Claim Bureau - Repository Update 10-7-2025,,,2026-10-04,docs/available-expansion-2026-10.md (run 37204541253),,AVAILABLE,Fayette County Tax Claim Bureau,pa_fayette_repository,harvesters/otc/adapters/expansion.py (pa_fayette_repository): 'Bid Received' rows are excluded,IMPLEMENTED,tests/python/test_available_expansion_mo_ok_pa_mn.py,1,2026-10-10
PA,,repository_law,UNRESOLVED,NOT_VERIFIED,Pennsylvania's Real Estate Tax Sale Law provisions on repository sales (including the taxing bodies' consent) have not been read and recorded here.,https://www.palegis.us,Pennsylvania General Assembly,,,,,,AVAILABLE,,pa_fayette_repository,Shown on the State rules page; no computation depends on it,DISPLAY_ONLY,tests/python/test_state_rules.py,1,2026-10-10
MN,Ramsey,tax_forfeit_sale,SOURCE,VERIFIED,Ramsey County's tax-forfeited land layer marks parcels 'Available for purchase'; only those are shown. The layer publishes a minimum bid and no purchase link.,https://maps.co.ramsey.mn.us/arcgis/rest/services/PRR/TaxForfeitLand_PublicData/MapServer/0,Ramsey County Tax Forfeited Land (public layer),,,2026-10-04,docs/available-expansion-2026-10.md (run 37204541253),,AVAILABLE,Ramsey County,mn_ramsey_tax_forfeit,harvesters/otc/adapters/expansion.py (mn_ramsey_tax_forfeit): only 'Available for purchase' rows are AVAILABLE,IMPLEMENTED,tests/python/test_available_expansion_mo_ok_pa_mn.py,1,2026-10-10
MN,,tax_forfeit_law,UNRESOLVED,NOT_VERIFIED,Minnesota's tax-forfeited land statutes have not been read and recorded here.,https://www.revisor.mn.gov,Minnesota Revisor of Statutes,,,,,,AVAILABLE,,mn_ramsey_tax_forfeit,Shown on the State rules page; no computation depends on it,DISPLAY_ONLY,tests/python/test_state_rules.py,1,2026-10-10
TN,Shelby,land_bank_inventory,SOURCE,VERIFIED,The Shelby County Land Bank's own portal lists county-owned parcels already taken through delinquent-tax sales ('County DTP'). A parcel is offered only when the portal shows status 'FOR SALE' and available 'Y'. There is no auction or sale date on this source.,https://public-sctn.epropertyplus.com/landmgmtpub/app/base/landing,Shelby County Land Bank - ePropertyPlus portal,,,2026-10-08,docs/tennessee-survey.md (runs 37855584514 / 37855783595 / 37856005485 / 37856189946 / 37856396525); expansion.TN_SHELBY_SEMANTICS,,AVAILABLE,Shelby County Land Bank,tn_shelby_landbank,harvesters/otc/adapters/epropertyplus.py: offered = currentStatus FOR SALE and available Y,IMPLEMENTED,tests/python/test_tennessee_enrichment.py,1,2026-10-10
TN,Shelby,acquisition_process,UNRESOLVED,NOT_VERIFIED,"The Land Bank links an 'Offer to Purchase and Sales Agreement Packet'. It is a scanned PDF with no text layer, so its terms have not been read.",https://landbank.shelbycountytn.gov,Shelby County Land Bank,,,,,,AVAILABLE,Shelby County Land Bank,tn_shelby_landbank,Shown on the State rules page; no computation depends on it,DISPLAY_ONLY,tests/python/test_state_rules.py,1,2026-10-10
TN,,tax_sale_law,UNRESOLVED,NOT_VERIFIED,"Tennessee's delinquent tax sale and redemption statutes have not been read and recorded here; the conclusion that Tennessee sells no tax-lien certificates comes from a survey (docs/tennessee-survey.md), not a statute read.",https://www.tn.gov,State of Tennessee,,,,,,AUCTIONS,,,Shown on the State rules page; no computation depends on it,DISPLAY_ONLY,tests/python/test_state_rules.py,1,2026-10-10
