state,county,source_id,records_observed,first_observed_at,last_observed_at,measurement_method,sale_statuses_observed,notes
TX,Anderson,tx_lgbs,1,2026-09-16,2026-09-16,exact_api_count_filtered_query,,
TX,Angelina,tx_lgbs,32,2026-09-16,2026-09-16,exact_api_count_filtered_query,,
TX,Aransas,tx_lgbs,6,2026-09-16,2026-09-16,exact_api_count_filtered_query,,
TX,Atascosa,tx_lgbs,74,2026-09-16,2026-09-16,exact_api_count_filtered_query,,
TX,Bee,tx_lgbs,4,2026-09-16,2026-09-16,exact_api_count_filtered_query,,
TX,Bexar,tx_lgbs,70,2026-09-16,2026-09-16,exact_api_count_filtered_query,,
TX,Bosque,tx_lgbs,18,2026-09-16,2026-09-16,exact_api_count_filtered_query,,
TX,Brooks,tx_lgbs,6,2026-09-16,2026-09-16,exact_api_count_filtered_query,,
TX,Caldwell,tx_lgbs,4,2026-09-16,2026-09-16,exact_api_count_filtered_query,,
TX,Cameron,tx_lgbs,74,2026-09-16,2026-09-16,exact_api_count_filtered_query,,
TX,Camp,tx_lgbs,1,2026-09-16,2026-09-16,exact_api_count_filtered_query,,
TX,Cass,tx_lgbs,43,2026-09-16,2026-09-16,exact_api_count_filtered_query,,
TX,Cherokee,tx_lgbs,10,2026-09-16,2026-09-16,exact_api_count_filtered_query,,
TX,Collin,tx_lgbs,1,2026-09-16,2026-09-16,exact_api_count_filtered_query,,
TX,Concho,tx_lgbs,9,2026-09-16,2026-09-16,exact_api_count_filtered_query,,
TX,Dallas,tx_lgbs,539,2026-09-16,2026-09-16,exact_api_count_filtered_query,,
TX,Delta,tx_lgbs,2,2026-09-16,2026-09-16,exact_api_count_filtered_query,,
TX,DeWitt,tx_lgbs,3,2026-09-16,2026-09-16,exact_api_count_filtered_query,,
TX,Duval,tx_lgbs,19,2026-09-16,2026-09-16,exact_api_count_filtered_query,,
TX,Ector,tx_lgbs,48,2026-09-16,2026-09-16,exact_api_count_filtered_query,,
TX,El Paso,tx_lgbs,41,2026-09-16,2026-09-16,exact_api_count_filtered_query,,
TX,Ellis,tx_lgbs,8,2026-09-16,2026-09-16,exact_api_count_filtered_query,,
TX,Erath,tx_lgbs,2,2026-09-16,2026-09-16,exact_api_count_filtered_query,,
TX,Falls,tx_lgbs,11,2026-09-16,2026-09-16,exact_api_count_filtered_query,,
TX,Fannin,tx_lgbs,6,2026-09-16,2026-09-16,exact_api_count_filtered_query,,
TX,Fort Bend,tx_lgbs,11,2026-09-16,2026-09-16,exact_api_count_filtered_query,,
TX,Franklin,tx_lgbs,2,2026-09-16,2026-09-16,exact_api_count_filtered_query,,
TX,Frio,tx_lgbs,12,2026-09-16,2026-09-16,exact_api_count_filtered_query,,
TX,Galveston,tx_lgbs,176,2026-09-16,2026-09-16,exact_api_count_filtered_query,,
TX,Goliad,tx_lgbs,1,2026-09-16,2026-09-16,exact_api_count_filtered_query,,
TX,Gonzales,tx_lgbs,13,2026-09-16,2026-09-16,exact_api_count_filtered_query,,
TX,Gregg,tx_lgbs,35,2026-09-16,2026-09-16,exact_api_count_filtered_query,,
TX,Hamilton,tx_lgbs,7,2026-09-16,2026-09-16,exact_api_count_filtered_query,,
TX,Hardin,tx_lgbs,9,2026-09-16,2026-09-16,exact_api_count_filtered_query,,
TX,Harris,tx_lgbs,405,2026-09-16,2026-09-16,exact_api_count_filtered_query,,
TX,Hays,tx_lgbs,10,2026-09-16,2026-09-16,exact_api_count_filtered_query,,
TX,Henderson,tx_lgbs,13,2026-09-16,2026-09-16,exact_api_count_filtered_query,,
TX,Hidalgo,tx_lgbs,58,2026-09-16,2026-09-16,exact_api_count_filtered_query,,
TX,Hopkins,tx_lgbs,1,2026-09-16,2026-09-16,exact_api_count_filtered_query,,
TX,Houston,tx_lgbs,3,2026-09-16,2026-09-16,exact_api_count_filtered_query,,
TX,Hunt,tx_lgbs,66,2026-09-16,2026-09-16,exact_api_count_filtered_query,,
TX,Jackson,tx_lgbs,17,2026-09-16,2026-09-16,exact_api_count_filtered_query,,
TX,Jasper,tx_lgbs,143,2026-09-16,2026-09-16,exact_api_count_filtered_query,,
TX,Jefferson,tx_lgbs,223,2026-09-16,2026-09-16,exact_api_count_filtered_query,,
TX,Jim Hogg,tx_lgbs,7,2026-09-16,2026-09-16,exact_api_count_filtered_query,,
TX,Jim Wells,tx_lgbs,23,2026-09-16,2026-09-16,exact_api_count_filtered_query,,
TX,Kaufman,tx_lgbs,12,2026-09-16,2026-09-16,exact_api_count_filtered_query,,
TX,Kerr,tx_lgbs,9,2026-09-16,2026-09-16,exact_api_count_filtered_query,,
TX,Kleberg,tx_lgbs,7,2026-09-16,2026-09-16,exact_api_count_filtered_query,,
TX,La Salle,tx_lgbs,8,2026-09-16,2026-09-16,exact_api_count_filtered_query,,
TX,Lamar,tx_lgbs,31,2026-09-16,2026-09-16,exact_api_count_filtered_query,,
TX,Leon,tx_lgbs,84,2026-09-16,2026-09-16,exact_api_count_filtered_query,,
TX,Liberty,tx_lgbs,113,2026-09-16,2026-09-16,exact_api_count_filtered_query,,
TX,Limestone,tx_lgbs,6,2026-09-16,2026-09-16,exact_api_count_filtered_query,,
TX,Live Oak,tx_lgbs,30,2026-09-16,2026-09-16,exact_api_count_filtered_query,,
TX,Llano,tx_lgbs,18,2026-09-16,2026-09-16,exact_api_count_filtered_query,,
TX,Madison,tx_lgbs,1,2026-09-16,2026-09-16,exact_api_count_filtered_query,,
TX,Marion,tx_lgbs,22,2026-09-16,2026-09-16,exact_api_count_filtered_query,,
TX,Matagorda,tx_lgbs,37,2026-09-16,2026-09-16,exact_api_count_filtered_query,,
TX,Maverick,tx_lgbs,14,2026-09-16,2026-09-16,exact_api_count_filtered_query,,
TX,McLennan,tx_lgbs,48,2026-09-16,2026-09-16,exact_api_count_filtered_query,,
TX,Montague,tx_lgbs,7,2026-09-16,2026-09-16,exact_api_count_filtered_query,,
TX,Montgomery,tx_lgbs,89,2026-09-16,2026-09-16,exact_api_count_filtered_query,,
TX,Morris,tx_lgbs,6,2026-09-16,2026-09-16,exact_api_count_filtered_query,,
TX,Navarro,tx_lgbs,204,2026-09-16,2026-09-16,exact_api_count_filtered_query,,
TX,Nueces,tx_lgbs,49,2026-09-16,2026-09-16,exact_api_count_filtered_query,,
TX,Orange,tx_lgbs,223,2026-09-16,2026-09-16,exact_api_count_filtered_query,,
TX,Panola,tx_lgbs,1,2026-09-16,2026-09-16,exact_api_count_filtered_query,,
TX,Parker,tx_lgbs,9,2026-09-16,2026-09-16,exact_api_count_filtered_query,,
TX,Pecos,tx_lgbs,1,2026-09-16,2026-09-16,exact_api_count_filtered_query,,
TX,Polk,tx_lgbs,17,2026-09-16,2026-09-16,exact_api_count_filtered_query,,
TX,Red River,tx_lgbs,24,2026-09-16,2026-09-16,exact_api_count_filtered_query,,
TX,Reeves,tx_lgbs,2,2026-09-16,2026-09-16,exact_api_count_filtered_query,,
TX,Robertson,tx_lgbs,15,2026-09-16,2026-09-16,exact_api_count_filtered_query,,
TX,Rockwall,tx_lgbs,1,2026-09-16,2026-09-16,exact_api_count_filtered_query,,
TX,Rusk,tx_lgbs,1,2026-09-16,2026-09-16,exact_api_count_filtered_query,,
TX,Sabine,tx_lgbs,2,2026-09-16,2026-09-16,exact_api_count_filtered_query,,
TX,San Augustine,tx_lgbs,1,2026-09-16,2026-09-16,exact_api_count_filtered_query,,
TX,San Patricio,tx_lgbs,109,2026-09-16,2026-09-16,exact_api_count_filtered_query,,
TX,Shelby,tx_lgbs,13,2026-09-16,2026-09-16,exact_api_count_filtered_query,,
TX,Smith,tx_lgbs,27,2026-09-16,2026-09-16,exact_api_count_filtered_query,,
TX,Starr,tx_lgbs,44,2026-09-16,2026-09-16,exact_api_count_filtered_query,,
TX,Tarrant,tx_lgbs,410,2026-09-16,2026-09-16,exact_api_count_filtered_query,,
TX,Titus,tx_lgbs,4,2026-09-16,2026-09-16,exact_api_count_filtered_query,,
TX,Tom Green,tx_lgbs,31,2026-09-16,2026-09-16,exact_api_count_filtered_query,,
TX,Tyler,tx_lgbs,30,2026-09-16,2026-09-16,exact_api_count_filtered_query,,
TX,Upshur,tx_lgbs,16,2026-09-16,2026-09-16,exact_api_count_filtered_query,,
TX,Val Verde,tx_lgbs,33,2026-09-16,2026-09-16,exact_api_count_filtered_query,,
TX,Van Zandt,tx_lgbs,4,2026-09-16,2026-09-16,exact_api_count_filtered_query,,
TX,Victoria,tx_lgbs,55,2026-09-16,2026-09-16,exact_api_count_filtered_query,,
TX,Wilson,tx_lgbs,4,2026-09-16,2026-09-16,exact_api_count_filtered_query,,
TX,Wise,tx_lgbs,15,2026-09-16,2026-09-16,exact_api_count_filtered_query,,
TX,Wood,tx_lgbs,17,2026-09-16,2026-09-16,exact_api_count_filtered_query,,
TX,Zapata,tx_lgbs,11,2026-09-16,2026-09-16,exact_api_count_filtered_query,,
TX,Zavala,tx_lgbs,15,2026-09-16,2026-09-16,exact_api_count_filtered_query,,
PA,Philadelphia,tx_lgbs,2104,2026-09-16,2026-09-16,exact_api_count_filtered_query,,"NOT a Texas county. Present in the area=TX result set, which is why harvest_lgbs()/LgbsAdapter filter on each row's own state field rather than trusting area=TX. 2104 of 6309 rows (33.4%)."
TX,(UNATTRIBUTED RESIDUAL),tx_lgbs,8,2026-09-16,2026-09-16,derived_from_authoritative_state_total,,4205 (authoritative ?state=TX count) minus 4197 (sum of 95 individually measured counties). These records belong to counties the ordered scan did not surface. Recorded rather than distributed across known counties or dropped.
