state,county,comptroller_county_code,comptroller_directory_url,appraisal_district_chief_appraiser,appraisal_district_url,appraisal_district_source_timestamp,appraisal_district_status,tax_assessor_collector_name,tax_assessor_collector_url,tax_assessor_collector_source_timestamp,tax_assessor_collector_status,directory_operator,retrieved_at,terms_reviewed,legal_status
TX,Anderson,001,https://comptroller.texas.gov/taxes/property-tax/county-directory/anderson.php,Quintin Baack,www.andersoncad.net,01/24/2025,DIRECTORY_LISTED,Tommy Cross,www.co.anderson.tx.us,03/03/2025,DIRECTORY_LISTED,Texas Comptroller of Public Accounts,2026-09-16,NO,LEGAL_REVIEW_REQUIRED
TX,Andrews,002,https://comptroller.texas.gov/taxes/property-tax/county-directory/andrews.php,Susan Brewer,www.andrewscad.org,01/14/2020,DIRECTORY_LISTED,Robin Harper,www.andrewscountytax.com,06/08/2016,DIRECTORY_LISTED,Texas Comptroller of Public Accounts,2026-09-16,NO,LEGAL_REVIEW_REQUIRED
TX,Angelina,003,https://comptroller.texas.gov/taxes/property-tax/county-directory/angelina.php,Tim Chambers,www.angelinacad.org,05/05/2026,DIRECTORY_LISTED,Terri Collier,www.angelinacounty.net,03/03/2025,DIRECTORY_LISTED,Texas Comptroller of Public Accounts,2026-09-16,NO,LEGAL_REVIEW_REQUIRED
TX,Aransas,004,https://comptroller.texas.gov/taxes/property-tax/county-directory/aransas.php,Ray Presley,www.aransascad.org,05/05/2026,DIRECTORY_LISTED,Anna Marshall,www.aransascountytx.gov,,DIRECTORY_LISTED,Texas Comptroller of Public Accounts,2026-09-16,NO,LEGAL_REVIEW_REQUIRED
TX,Archer,005,https://comptroller.texas.gov/taxes/property-tax/county-directory/archer.php,Kimbra York,www.archercad.org,01/01/2013,DIRECTORY_LISTED,Dawn Vieth,www.archercountytax.org,03/03/2025,DIRECTORY_LISTED,Texas Comptroller of Public Accounts,2026-09-16,NO,LEGAL_REVIEW_REQUIRED
TX,Armstrong,006,https://comptroller.texas.gov/taxes/property-tax/county-directory/armstrong.php,Marissa Clement,http://armstrongcad.org,07/21/2023,DIRECTORY_LISTED,Jamie Craig,www.co.armstrong.tx.us,03/03/2025,DIRECTORY_LISTED,Texas Comptroller of Public Accounts,2026-09-16,NO,LEGAL_REVIEW_REQUIRED
TX,Atascosa,007,https://comptroller.texas.gov/taxes/property-tax/county-directory/atascosa.php,Brandi Royal,www.atascosacad.com,01/24/2025,DIRECTORY_LISTED,Loretta Holley,www.atascosacounty.texas.gov,08/09/2019,DIRECTORY_LISTED,Texas Comptroller of Public Accounts,2026-09-16,NO,LEGAL_REVIEW_REQUIRED
TX,Austin,008,https://comptroller.texas.gov/taxes/property-tax/county-directory/austin.php,Greg Cook,www.austincad.org,02/20/2024,DIRECTORY_LISTED,Kim Rinn,www.austincounty.com,09/19/2017,DIRECTORY_LISTED,Texas Comptroller of Public Accounts,2026-09-16,NO,LEGAL_REVIEW_REQUIRED
TX,Bailey,009,https://comptroller.texas.gov/taxes/property-tax/county-directory/bailey.php,Jessica Rivera,www.bailey-cad.org,07/18/2023,DIRECTORY_LISTED,Maria Gonzalez,www.co.bailey.tx.us,03/03/2025,DIRECTORY_LISTED,Texas Comptroller of Public Accounts,2026-09-16,NO,LEGAL_REVIEW_REQUIRED
TX,Bandera,010,https://comptroller.texas.gov/taxes/property-tax/county-directory/bandera.php,Maria Garcia,www.bancad.org,05/05/2026,DIRECTORY_LISTED,Andrea Jankoski,www.banderacounty.org,03/03/2025,DIRECTORY_LISTED,Texas Comptroller of Public Accounts,2026-09-16,NO,LEGAL_REVIEW_REQUIRED
TX,Bastrop,011,https://comptroller.texas.gov/taxes/property-tax/county-directory/bastrop.php,Ms. Faun Cullens,www.bastropcad.org,05/05/2026,DIRECTORY_LISTED,Ms. Ellen Owens,www.co.bastrop.tx.us,03/24/2025,DIRECTORY_LISTED,Texas Comptroller of Public Accounts,2026-09-16,NO,LEGAL_REVIEW_REQUIRED
TX,Baylor,012,https://comptroller.texas.gov/taxes/property-tax/county-directory/baylor.php,Paula Kinsinger,www.baylorcad.org,08/26/2025,DIRECTORY_LISTED,Jeanette Holub,www.co.baylor.tx.us,03/03/2025,DIRECTORY_LISTED,Texas Comptroller of Public Accounts,2026-09-16,NO,LEGAL_REVIEW_REQUIRED
TX,Bee,013,https://comptroller.texas.gov/taxes/property-tax/county-directory/bee.php,Deb Castaldo,www.beecad.org,05/05/2026,DIRECTORY_LISTED,Michelle Matus,www.co.bee.tx.us,03/03/2025,DIRECTORY_LISTED,Texas Comptroller of Public Accounts,2026-09-16,NO,LEGAL_REVIEW_REQUIRED
TX,Bell,014,https://comptroller.texas.gov/taxes/property-tax/county-directory/bell.php,Billy White,www.bellcad.org,08/20/2026,DIRECTORY_LISTED,Shay Luedeke,www.bellcountytx.com,03/03/2025,DIRECTORY_LISTED,Texas Comptroller of Public Accounts,2026-09-16,NO,LEGAL_REVIEW_REQUIRED
TX,Bexar,015,https://comptroller.texas.gov/taxes/property-tax/county-directory/bexar.php,Rogelio Sandoval,www.bcad.org,08/20/2026,DIRECTORY_LISTED,"Mr. Albert Uresti, MPA",www.bexar.org/tax,03/03/2025,DIRECTORY_LISTED,Texas Comptroller of Public Accounts,2026-09-16,NO,LEGAL_REVIEW_REQUIRED
TX,Blanco,016,https://comptroller.texas.gov/taxes/property-tax/county-directory/blanco.php,Candice Fry,www.blancocad.com,07/21/2023,DIRECTORY_LISTED,Kristen Spies,www.co.blanco.tx.us,03/03/2025,DIRECTORY_LISTED,Texas Comptroller of Public Accounts,2026-09-16,NO,LEGAL_REVIEW_REQUIRED
TX,Borden,017,https://comptroller.texas.gov/taxes/property-tax/county-directory/borden.php,Tracy Cooley,www.bordencad.org,02/28/2024,DIRECTORY_LISTED,Benny Allison,www.co.borden.tx.us,03/03/2025,DIRECTORY_LISTED,Texas Comptroller of Public Accounts,2026-09-16,NO,LEGAL_REVIEW_REQUIRED
TX,Bosque,018,https://comptroller.texas.gov/taxes/property-tax/county-directory/bosque.php,Christopher Moser,www.bosquecad.com,05/05/2026,DIRECTORY_LISTED,Arlene Swiney,www.bosquecountytaxoffice.com,03/03/2025,DIRECTORY_LISTED,Texas Comptroller of Public Accounts,2026-09-16,NO,LEGAL_REVIEW_REQUIRED
TX,Bowie,019,https://comptroller.texas.gov/taxes/property-tax/county-directory/bowie.php,Mike Brower,www.bowieappraisal.com,09/09/2019,DIRECTORY_LISTED,Josh Davis,www.co.bowie.tx.us,03/03/2025,DIRECTORY_LISTED,Texas Comptroller of Public Accounts,2026-09-16,NO,LEGAL_REVIEW_REQUIRED
TX,Brazoria,020,https://comptroller.texas.gov/taxes/property-tax/county-directory/brazoria.php,"Marcel Pierel, III",www.brazoriacad.org,07/29/2026,DIRECTORY_LISTED,Kristin Bulanek,www.brazoriacountytx.gov,03/05/2025,DIRECTORY_LISTED,Texas Comptroller of Public Accounts,2026-09-16,NO,LEGAL_REVIEW_REQUIRED
TX,Brazos,021,https://comptroller.texas.gov/taxes/property-tax/county-directory/brazos.php,Dana Horton,brazoscad.org,07/26/2022,DIRECTORY_LISTED,Melissa Leonard,www.brazostax.org,08/28/2024,DIRECTORY_LISTED,Texas Comptroller of Public Accounts,2026-09-16,NO,LEGAL_REVIEW_REQUIRED
TX,Brewster,022,https://comptroller.texas.gov/taxes/property-tax/county-directory/brewster.php,"Bill Gonzalez, Interim",www.brewstercotad.org,05/05/2026,DIRECTORY_LISTED,Sylvia Vega,www.brewstercounty.gov,03/03/2025,DIRECTORY_LISTED,Texas Comptroller of Public Accounts,2026-09-16,NO,LEGAL_REVIEW_REQUIRED
TX,Briscoe,023,https://comptroller.texas.gov/taxes/property-tax/county-directory/briscoe.php,Lydia Rodriguez,www.briscoecad.org,07/08/2024,DIRECTORY_LISTED,Jon Etta Ziegler,,01/01/2013,SOURCE_NOT_FOUND,Texas Comptroller of Public Accounts,2026-09-16,NO,LEGAL_REVIEW_REQUIRED
TX,Brooks,024,https://comptroller.texas.gov/taxes/property-tax/county-directory/brooks.php,Daniel Garcia,www.brookscad.org,05/15/2026,DIRECTORY_LISTED,Sheriff Benny Martinez,www.co.brooks.tx.us,03/28/2018,DIRECTORY_LISTED,Texas Comptroller of Public Accounts,2026-09-16,NO,LEGAL_REVIEW_REQUIRED
TX,Brown,025,https://comptroller.texas.gov/taxes/property-tax/county-directory/brown.php,Brett McKibben,www.brown-cad.org,02/17/2026,DIRECTORY_LISTED,Christine Pentecost,www.browncountytx.org,07/30/2019,DIRECTORY_LISTED,Texas Comptroller of Public Accounts,2026-09-16,NO,LEGAL_REVIEW_REQUIRED
TX,Burleson,026,https://comptroller.texas.gov/taxes/property-tax/county-directory/burleson.php,Tonya Barnes,www.burlesonappraisal.com,01/24/2025,DIRECTORY_LISTED,Jessica Lucero,www.co.burleson.tx.us,01/15/2021,DIRECTORY_LISTED,Texas Comptroller of Public Accounts,2026-09-16,NO,LEGAL_REVIEW_REQUIRED
TX,Burnet,027,https://comptroller.texas.gov/taxes/property-tax/county-directory/burnet.php,Stan Hemphill,www.burnet-cad.org,06/23/2026,DIRECTORY_LISTED,DeAnne Fisher,www.burnetcountytexas.org,03/03/2025,DIRECTORY_LISTED,Texas Comptroller of Public Accounts,2026-09-16,NO,LEGAL_REVIEW_REQUIRED
TX,Caldwell,028,https://comptroller.texas.gov/taxes/property-tax/county-directory/caldwell.php,Shanna Ramzinski,www.caldwellcad.org,09/02/2026,DIRECTORY_LISTED,Debbie Sanders,,03/03/2025,SOURCE_NOT_FOUND,Texas Comptroller of Public Accounts,2026-09-16,NO,LEGAL_REVIEW_REQUIRED
TX,Calhoun,029,https://comptroller.texas.gov/taxes/property-tax/county-directory/calhoun.php,Paul Spaeth,www.calhouncad.org,05/05/2026,DIRECTORY_LISTED,Kerri Boyd,www.calhouncotx.org,01/15/2021,DIRECTORY_LISTED,Texas Comptroller of Public Accounts,2026-09-16,NO,LEGAL_REVIEW_REQUIRED
TX,Callahan,030,https://comptroller.texas.gov/taxes/property-tax/county-directory/callahan.php,Mathew Walker,www.callahancad.org,05/18/2023,DIRECTORY_LISTED,Debbie Hatchett,www.co.callahan.tx.us,03/03/2025,DIRECTORY_LISTED,Texas Comptroller of Public Accounts,2026-09-16,NO,LEGAL_REVIEW_REQUIRED
TX,Cameron,031,https://comptroller.texas.gov/taxes/property-tax/county-directory/cameron.php,Richard Molina,www.cameroncad.org,07/14/2025,DIRECTORY_LISTED,Eddie Garcia,www.cameroncountytx.gov,03/03/2025,DIRECTORY_LISTED,Texas Comptroller of Public Accounts,2026-09-16,NO,LEGAL_REVIEW_REQUIRED
TX,Camp,032,https://comptroller.texas.gov/taxes/property-tax/county-directory/camp.php,Jan Tinsley,www.campcad.org,03/05/2025,DIRECTORY_LISTED,Mary Huffman,www.co.camp.tx.us,03/05/2025,DIRECTORY_LISTED,Texas Comptroller of Public Accounts,2026-09-16,NO,LEGAL_REVIEW_REQUIRED
TX,Carson,033,https://comptroller.texas.gov/taxes/property-tax/county-directory/carson.php,Colter Asbill,www.carsoncad.org,08/20/2026,DIRECTORY_LISTED,Ashley Montgomery,www.carsoncountytax.org,02/21/2025,DIRECTORY_LISTED,Texas Comptroller of Public Accounts,2026-09-16,NO,LEGAL_REVIEW_REQUIRED
TX,Cass,034,https://comptroller.texas.gov/taxes/property-tax/county-directory/cass.php,Lacy Hicks,www.casscad.org,02/18/2021,DIRECTORY_LISTED,Angela Young,www.co.cass.tx.us,03/03/2025,DIRECTORY_LISTED,Texas Comptroller of Public Accounts,2026-09-16,NO,LEGAL_REVIEW_REQUIRED
TX,Castro,035,https://comptroller.texas.gov/taxes/property-tax/county-directory/castro.php,Steven Cole Pierce,https://castrocad.org/,08/14/2023,DIRECTORY_LISTED,Connie Gilbreath,www.co.castro.tx.us,03/03/2025,DIRECTORY_LISTED,Texas Comptroller of Public Accounts,2026-09-16,NO,LEGAL_REVIEW_REQUIRED
TX,Chambers,036,https://comptroller.texas.gov/taxes/property-tax/county-directory/chambers.php,Mitchell McCullough,www.chamberscad.org,05/09/2018,DIRECTORY_LISTED,Laurie Payton,www.chamberscountytx.gov,03/13/2025,DIRECTORY_LISTED,Texas Comptroller of Public Accounts,2026-09-16,NO,LEGAL_REVIEW_REQUIRED
TX,Cherokee,037,https://comptroller.texas.gov/taxes/property-tax/county-directory/cherokee.php,Jan Lowry,www.cherokeecad.com,09/08/2023,DIRECTORY_LISTED,Shonda Potter,www.co.cherokee.tx.us,01/25/2021,DIRECTORY_LISTED,Texas Comptroller of Public Accounts,2026-09-16,NO,LEGAL_REVIEW_REQUIRED
TX,Childress,038,https://comptroller.texas.gov/taxes/property-tax/county-directory/childress.php,Twila Butler,www.childresscad.org,07/18/2023,DIRECTORY_LISTED,Kathy Dobbs,www.childresstx.us,03/14/2025,DIRECTORY_LISTED,Texas Comptroller of Public Accounts,2026-09-16,NO,LEGAL_REVIEW_REQUIRED
TX,Clay,039,https://comptroller.texas.gov/taxes/property-tax/county-directory/clay.php,Lisa Murphy,www.claycad.org,07/02/2021,DIRECTORY_LISTED,Patti Jackson,www.claycountytx.net,03/14/2025,DIRECTORY_LISTED,Texas Comptroller of Public Accounts,2026-09-16,NO,LEGAL_REVIEW_REQUIRED
TX,Cochran,040,https://comptroller.texas.gov/taxes/property-tax/county-directory/cochran.php,"Greg Kelley, Interim",www.cochrancad.com,09/03/2025,DIRECTORY_LISTED,Dixie Mendoza,www.co.cochran.tx.us,03/13/2025,DIRECTORY_LISTED,Texas Comptroller of Public Accounts,2026-09-16,NO,LEGAL_REVIEW_REQUIRED
TX,Coke,041,https://comptroller.texas.gov/taxes/property-tax/county-directory/coke.php,"Dustin Vernor, Interim",www.cokecad.org,05/05/2026,DIRECTORY_LISTED,Gina Williams,www.co.coke.tx.us,03/13/2025,DIRECTORY_LISTED,Texas Comptroller of Public Accounts,2026-09-16,NO,LEGAL_REVIEW_REQUIRED
TX,Coleman,042,https://comptroller.texas.gov/taxes/property-tax/county-directory/coleman.php,Eva Bush,www.colemancad.net,06/23/2026,DIRECTORY_LISTED,Jamie Dodgen,www.co.coleman.tx.us,03/17/2023,DIRECTORY_LISTED,Texas Comptroller of Public Accounts,2026-09-16,NO,LEGAL_REVIEW_REQUIRED
TX,Collin,043,https://comptroller.texas.gov/taxes/property-tax/county-directory/collin.php,Marty Wright,www.collincad.org,07/15/2026,DIRECTORY_LISTED,Scott Grigg,www.collincountytx.gov,03/13/2025,DIRECTORY_LISTED,Texas Comptroller of Public Accounts,2026-09-16,NO,LEGAL_REVIEW_REQUIRED
TX,Collingsworth,044,https://comptroller.texas.gov/taxes/property-tax/county-directory/collingsworth.php,Brittany Jameson,www.collingsworthcad.org,05/05/2026,DIRECTORY_LISTED,Sharon Sherwood,www.co.collingsworth.tx.us,03/13/2025,DIRECTORY_LISTED,Texas Comptroller of Public Accounts,2026-09-16,NO,LEGAL_REVIEW_REQUIRED
TX,Colorado,045,https://comptroller.texas.gov/taxes/property-tax/county-directory/colorado.php,Jane Armontrout,www.coloradocad.org,02/20/2024,DIRECTORY_LISTED,Melinda Zajicek,www.co.colorado.tx.us,03/13/2025,DIRECTORY_LISTED,Texas Comptroller of Public Accounts,2026-09-16,NO,LEGAL_REVIEW_REQUIRED
TX,Comal,046,https://comptroller.texas.gov/taxes/property-tax/county-directory/comal.php,Jeffrey Booker,www.comalad.org,09/02/2026,DIRECTORY_LISTED,Kristen Hoyt,www.co.comal.tx.us,03/13/2025,DIRECTORY_LISTED,Texas Comptroller of Public Accounts,2026-09-16,NO,LEGAL_REVIEW_REQUIRED
TX,Comanche,047,https://comptroller.texas.gov/taxes/property-tax/county-directory/comanche.php,Sandra Garcia,www.comanchecad.org,05/05/2026,DIRECTORY_LISTED,Grace Everhart,www.co.comanche.tx.us,03/13/2025,DIRECTORY_LISTED,Texas Comptroller of Public Accounts,2026-09-16,NO,LEGAL_REVIEW_REQUIRED
TX,Concho,048,https://comptroller.texas.gov/taxes/property-tax/county-directory/concho.php,D'Andra Warlick,www.conchocad.org,11/03/2021,DIRECTORY_LISTED,Brent Frazier,www.co.concho.tx.us,03/13/2025,DIRECTORY_LISTED,Texas Comptroller of Public Accounts,2026-09-16,NO,LEGAL_REVIEW_REQUIRED
TX,Cooke,049,https://comptroller.texas.gov/taxes/property-tax/county-directory/cooke.php,Doug Smithson,www.cookecad.org,04/15/2025,DIRECTORY_LISTED,Brandy Ann Carr,www.co.cooke.tx.us,05/18/2023,DIRECTORY_LISTED,Texas Comptroller of Public Accounts,2026-09-16,NO,LEGAL_REVIEW_REQUIRED
TX,Coryell,050,https://comptroller.texas.gov/taxes/property-tax/county-directory/coryell.php,"Julie Zobel, Interim",www.coryellcad.org,03/11/2026,DIRECTORY_LISTED,Justin Carothers,www.coryellcountytax.com,03/14/2025,DIRECTORY_LISTED,Texas Comptroller of Public Accounts,2026-09-16,NO,LEGAL_REVIEW_REQUIRED
TX,Cottle,051,https://comptroller.texas.gov/taxes/property-tax/county-directory/cottle.php,Kayla Box,www.cottlecad.org,08/09/2024,DIRECTORY_LISTED,Kayla Box,www.co.cottle.tx.us,08/28/2024,DIRECTORY_LISTED,Texas Comptroller of Public Accounts,2026-09-16,NO,LEGAL_REVIEW_REQUIRED
TX,Crane,052,https://comptroller.texas.gov/taxes/property-tax/county-directory/crane.php,Byron Bitner,www.cranecad.org,04/08/2022,DIRECTORY_LISTED,Judy Crumrine,www.co.crane.tx.us,09/20/2017,DIRECTORY_LISTED,Texas Comptroller of Public Accounts,2026-09-16,NO,LEGAL_REVIEW_REQUIRED
TX,Crockett,053,https://comptroller.texas.gov/taxes/property-tax/county-directory/crockett.php,Janet M. Thompson,,06/8/2017,SOURCE_NOT_FOUND,Michelle Medley,www.co.crockett.tx.us,06/04/2014,DIRECTORY_LISTED,Texas Comptroller of Public Accounts,2026-09-16,NO,LEGAL_REVIEW_REQUIRED
TX,Crosby,054,https://comptroller.texas.gov/taxes/property-tax/county-directory/crosby.php,"Ryan Beam, Interim",www.crosbycentral.org,05/05/2026,DIRECTORY_LISTED,Michele Cook,www.co.crosby.tx.us,01/19/2021,DIRECTORY_LISTED,Texas Comptroller of Public Accounts,2026-09-16,NO,LEGAL_REVIEW_REQUIRED
TX,Culberson,055,https://comptroller.texas.gov/taxes/property-tax/county-directory/culberson.php,Maricel G. Gonzalez,www.culbersoncad.org,01/27/2025,DIRECTORY_LISTED,Aida Balcazar,www.co.culberson.tx.us,03/13/2025,DIRECTORY_LISTED,Texas Comptroller of Public Accounts,2026-09-16,NO,LEGAL_REVIEW_REQUIRED
TX,Dallam,056,https://comptroller.texas.gov/taxes/property-tax/county-directory/dallam.php,Holly McCauley,www.dallamcad.org,09/18/2019,DIRECTORY_LISTED,Jami Parr,www.dallam.org,03/17/2023,DIRECTORY_LISTED,Texas Comptroller of Public Accounts,2026-09-16,NO,LEGAL_REVIEW_REQUIRED
TX,Dallas,057,https://comptroller.texas.gov/taxes/property-tax/county-directory/dallas.php,Shane Docherty,www.dallascad.org,05/23/2024,DIRECTORY_LISTED,"John R. Ames, CTA",www.dallascounty.org/tax,10/07/2025,DIRECTORY_LISTED,Texas Comptroller of Public Accounts,2026-09-16,NO,LEGAL_REVIEW_REQUIRED
TX,Dawson,058,https://comptroller.texas.gov/taxes/property-tax/county-directory/dawson.php,Norma J. Brock,www.dawsoncad.org,04/24/2025,DIRECTORY_LISTED,Yvonne Moreno,www.co.dawson.tx.us,03/24/2025,DIRECTORY_LISTED,Texas Comptroller of Public Accounts,2026-09-16,NO,LEGAL_REVIEW_REQUIRED
TX,Deaf Smith,059,https://comptroller.texas.gov/taxes/property-tax/county-directory/deafsmith.php,Mark Powers,www.deafsmithcad.org,05/05/2026,DIRECTORY_LISTED,Gina Nunez,www.co.deaf-smith.tx.us,03/24/2025,DIRECTORY_LISTED,Texas Comptroller of Public Accounts,2026-09-16,NO,LEGAL_REVIEW_REQUIRED
TX,Delta,060,https://comptroller.texas.gov/taxes/property-tax/county-directory/delta.php,Jana Herrera,www.delta-cad.org,05/05/2026,DIRECTORY_LISTED,Dawn Moody,www.deltacountytx.com,01/14/2025,DIRECTORY_LISTED,Texas Comptroller of Public Accounts,2026-09-16,NO,LEGAL_REVIEW_REQUIRED
TX,Denton,061,https://comptroller.texas.gov/taxes/property-tax/county-directory/denton.php,Don Spencer,www.dentoncad.com,03/12/2026,DIRECTORY_LISTED,Dawn Waye,www.dentoncounty.gov/778/Tax-Assessor-Collector,02/14/2025,DIRECTORY_LISTED,Texas Comptroller of Public Accounts,2026-09-16,NO,LEGAL_REVIEW_REQUIRED
TX,DeWitt,062,https://comptroller.texas.gov/taxes/property-tax/county-directory/dewitt.php,Denise Moore,www.dewittcad.org,08/25/2020,DIRECTORY_LISTED,Ashley Mraz,www.co.dewitt.tx.us,03/24/2025,DIRECTORY_LISTED,Texas Comptroller of Public Accounts,2026-09-16,NO,LEGAL_REVIEW_REQUIRED
TX,Dickens,063,https://comptroller.texas.gov/taxes/property-tax/county-directory/dickens.php,Vonda Brendle,,01/13/2023,SOURCE_NOT_FOUND,Rhonda Brendle,www.co.dickens.tx.us,03/24/2025,DIRECTORY_LISTED,Texas Comptroller of Public Accounts,2026-09-16,NO,LEGAL_REVIEW_REQUIRED
TX,Dimmit,064,https://comptroller.texas.gov/taxes/property-tax/county-directory/dimmit.php,Norma Carrillo,www.dimmit-cad.org,04/16/2018,DIRECTORY_LISTED,Mary E. Sandoval,www.dimmitcounty.org,03/24/2025,DIRECTORY_LISTED,Texas Comptroller of Public Accounts,2026-09-16,NO,LEGAL_REVIEW_REQUIRED
TX,Donley,065,https://comptroller.texas.gov/taxes/property-tax/county-directory/donley.php,Paula Lowrie,www.donleycad.org,03/13/2024,DIRECTORY_LISTED,Kristy Christopher,www.co.donley.tx.us,03/24/2025,DIRECTORY_LISTED,Texas Comptroller of Public Accounts,2026-09-16,NO,LEGAL_REVIEW_REQUIRED
TX,Duval,066,https://comptroller.texas.gov/taxes/property-tax/county-directory/duval.php,Raul Garcia,www.duvalcad.org,04/22/2021,DIRECTORY_LISTED,Robert Elizondo,www.co.duval.tx.us,03/24/2025,DIRECTORY_LISTED,Texas Comptroller of Public Accounts,2026-09-16,NO,LEGAL_REVIEW_REQUIRED
TX,Eastland,067,https://comptroller.texas.gov/taxes/property-tax/county-directory/eastland.php,Randy Clark,www.eastlandcad.org,11/24/2025,DIRECTORY_LISTED,Andrea May,www.eastlandcountytexas.com,11/24/2025,DIRECTORY_LISTED,Texas Comptroller of Public Accounts,2026-09-16,NO,LEGAL_REVIEW_REQUIRED
TX,Ector,068,https://comptroller.texas.gov/taxes/property-tax/county-directory/ector.php,Layne Young,www.ectorcad.org,11/17/2025,DIRECTORY_LISTED,Lindy Wright,www.co.ector.tx.us,12/01/2020,DIRECTORY_LISTED,Texas Comptroller of Public Accounts,2026-09-16,NO,LEGAL_REVIEW_REQUIRED
TX,Edwards,069,https://comptroller.texas.gov/taxes/property-tax/county-directory/edwards.php,Renn Rudasill Riley,edwardscad.org,07/19/2023,DIRECTORY_LISTED,Mistee Splawn,www.co.edwards.tx.us,04/09/2025,DIRECTORY_LISTED,Texas Comptroller of Public Accounts,2026-09-16,NO,LEGAL_REVIEW_REQUIRED
TX,Ellis,070,https://comptroller.texas.gov/taxes/property-tax/county-directory/ellis.php,Kathy Rodrigue,www.elliscad.org,06/11/2026,DIRECTORY_LISTED,Richard Rozier,www.ellistaxoffice.com,03/25/2025,DIRECTORY_LISTED,Texas Comptroller of Public Accounts,2026-09-16,NO,LEGAL_REVIEW_REQUIRED
TX,El Paso,071,https://comptroller.texas.gov/taxes/property-tax/county-directory/elpaso.php,Dinah Kilgore,www.epcad.org,03/13/2024,DIRECTORY_LISTED,Ruben P. Gonzales,www.epcounty.com/taxoffice/,03/24/2025,DIRECTORY_LISTED,Texas Comptroller of Public Accounts,2026-09-16,NO,LEGAL_REVIEW_REQUIRED
TX,Erath,072,https://comptroller.texas.gov/taxes/property-tax/county-directory/erath.php,Jonathon Pringle,www.erath-cad.com,03/14/2024,DIRECTORY_LISTED,Valerie Stephen,www.co.erath.tx.us,03/25/2025,DIRECTORY_LISTED,Texas Comptroller of Public Accounts,2026-09-16,NO,LEGAL_REVIEW_REQUIRED
TX,Falls,073,https://comptroller.texas.gov/taxes/property-tax/county-directory/falls.php,Martha Davis,www.fallscad.net,11/08/2022,DIRECTORY_LISTED,Kayci Nehring,www.co.falls.tx.us,04/09/2025,DIRECTORY_LISTED,Texas Comptroller of Public Accounts,2026-09-16,NO,LEGAL_REVIEW_REQUIRED
TX,Fannin,074,https://comptroller.texas.gov/taxes/property-tax/county-directory/fannin.php,Tylene Gamble,www.fannincad.org,01/31/2024,DIRECTORY_LISTED,Amber Sutherland,www.co.fannin.tx.us,03/25/2025,DIRECTORY_LISTED,Texas Comptroller of Public Accounts,2026-09-16,NO,LEGAL_REVIEW_REQUIRED
TX,Fayette,075,https://comptroller.texas.gov/taxes/property-tax/county-directory/fayette.php,Amanda Thibodeaux,www.fayettecad.org,05/05/2026,DIRECTORY_LISTED,Sylvia Mendoza,www.co.fayette.tx.us,03/25/2025,DIRECTORY_LISTED,Texas Comptroller of Public Accounts,2026-09-16,NO,LEGAL_REVIEW_REQUIRED
TX,Fisher,076,https://comptroller.texas.gov/taxes/property-tax/county-directory/fisher.php,"Gary Zeitler, Interim",www.fishercad.org,04/09/2025,DIRECTORY_LISTED,Jonnye Lu Speck,www.fishercounty.org,03/25/2025,DIRECTORY_LISTED,Texas Comptroller of Public Accounts,2026-09-16,NO,LEGAL_REVIEW_REQUIRED
TX,Floyd,077,https://comptroller.texas.gov/taxes/property-tax/county-directory/floyd.php,Jim Finley,www.floydcad.org,01/27/2025,DIRECTORY_LISTED,Priscilla De Hoyos,www.co.floyd.tx.us,03/25/2025,DIRECTORY_LISTED,Texas Comptroller of Public Accounts,2026-09-16,NO,LEGAL_REVIEW_REQUIRED
TX,Foard,078,https://comptroller.texas.gov/taxes/property-tax/county-directory/foard.php,"Colter Asbill, Interim",www.foardcad.org,05/05/2026,DIRECTORY_LISTED,Perry Shaw,www.foardcounty.texas.gov,03/25/2025,DIRECTORY_LISTED,Texas Comptroller of Public Accounts,2026-09-16,NO,LEGAL_REVIEW_REQUIRED
TX,Fort Bend,079,https://comptroller.texas.gov/taxes/property-tax/county-directory/fortbend.php,Jordan Wise,www.fbcad.org,07/09/2026,DIRECTORY_LISTED,Carmen Turner,www.fortbendcountytx.gov,03/25/2025,DIRECTORY_LISTED,Texas Comptroller of Public Accounts,2026-09-16,NO,LEGAL_REVIEW_REQUIRED
TX,Franklin,080,https://comptroller.texas.gov/taxes/property-tax/county-directory/franklin.php,Russell McCurdy,www.franklin-cad.org,01/12/2026,DIRECTORY_LISTED,Melissa McSwain Clawson,www.co.franklin.tx.us,03/25/2025,DIRECTORY_LISTED,Texas Comptroller of Public Accounts,2026-09-16,NO,LEGAL_REVIEW_REQUIRED
TX,Freestone,081,https://comptroller.texas.gov/taxes/property-tax/county-directory/freestone.php,Don Awalt,www.freestonecad.org,12/17/2021,DIRECTORY_LISTED,Daniel Ralstin,www.co.freestone.tx.us,03/25/2025,DIRECTORY_LISTED,Texas Comptroller of Public Accounts,2026-09-16,NO,LEGAL_REVIEW_REQUIRED
TX,Frio,082,https://comptroller.texas.gov/taxes/property-tax/county-directory/frio.php,Edward Garza,www.friocad.org,07/21/2023,DIRECTORY_LISTED,Anna Alaniz,www.co.frio.tx.us,03/25/25,DIRECTORY_LISTED,Texas Comptroller of Public Accounts,2026-09-16,NO,LEGAL_REVIEW_REQUIRED
TX,Gaines,083,https://comptroller.texas.gov/taxes/property-tax/county-directory/gaines.php,Gayla Harridge,www.gainescad.org,03/22/2024,DIRECTORY_LISTED,Tarran DeLeon,www.co.gaines.tx.us,03/25/2025,DIRECTORY_LISTED,Texas Comptroller of Public Accounts,2026-09-16,NO,LEGAL_REVIEW_REQUIRED
TX,Galveston,084,https://comptroller.texas.gov/taxes/property-tax/county-directory/galveston.php,Krystal McKinney,www.galvestoncad.org,10/28/2025,DIRECTORY_LISTED,Cheryl E. Johnson,www.galcotax.com,05/17/2023,DIRECTORY_LISTED,Texas Comptroller of Public Accounts,2026-09-16,NO,LEGAL_REVIEW_REQUIRED
TX,Garza,085,https://comptroller.texas.gov/taxes/property-tax/county-directory/garza.php,Allisha Belongia,www.garzacad.org,01/27/2025,DIRECTORY_LISTED,Nancy Wallace,www.garzacounty.net,03/25/2025,DIRECTORY_LISTED,Texas Comptroller of Public Accounts,2026-09-16,NO,LEGAL_REVIEW_REQUIRED
TX,Gillespie,086,https://comptroller.texas.gov/taxes/property-tax/county-directory/gillespie.php,Scott Fair,www.gillespiecad.org,09/07/2017,DIRECTORY_LISTED,Carol Rode Durst,www.gillespiecounty.org,03/25/2025,DIRECTORY_LISTED,Texas Comptroller of Public Accounts,2026-09-16,NO,LEGAL_REVIEW_REQUIRED
TX,Glasscock,087,https://comptroller.texas.gov/taxes/property-tax/county-directory/glasscock.php,Scott Smetana,www.glasscockcad.org,09/26/2022,DIRECTORY_LISTED,Tina Flores,www.co.glasscock.tx.us,03/25/2025,DIRECTORY_LISTED,Texas Comptroller of Public Accounts,2026-09-16,NO,LEGAL_REVIEW_REQUIRED
TX,Goliad,088,https://comptroller.texas.gov/taxes/property-tax/county-directory/goliad.php,Troy Draper,http://goliadcad.org,05/05/2026,DIRECTORY_LISTED,Michelle Garcia,www.co.goliad.tx.us,04/19/2013,DIRECTORY_LISTED,Texas Comptroller of Public Accounts,2026-09-16,NO,LEGAL_REVIEW_REQUIRED
TX,Gonzales,089,https://comptroller.texas.gov/taxes/property-tax/county-directory/gonzales.php,John Liford,www.gonzalescad.org,03/15/2024,DIRECTORY_LISTED,Crystal Cedillo,www.co.gonzales.tx.us,03/25/2025,DIRECTORY_LISTED,Texas Comptroller of Public Accounts,2026-09-16,NO,LEGAL_REVIEW_REQUIRED
TX,Gray,090,https://comptroller.texas.gov/taxes/property-tax/county-directory/gray.php,Tyson Paronto,www.graycad.org,01/27/2025,DIRECTORY_LISTED,Christie Johnson,www.co.gray.tx.us,08/28/2024,DIRECTORY_LISTED,Texas Comptroller of Public Accounts,2026-09-16,NO,LEGAL_REVIEW_REQUIRED
TX,Grayson,091,https://comptroller.texas.gov/taxes/property-tax/county-directory/grayson.php,Shawn D. Coker,www.graysonappraisal.org,10/20/2025,DIRECTORY_LISTED,Bruce Stidham,www.co.grayson.tx.us,03/25/2025,DIRECTORY_LISTED,Texas Comptroller of Public Accounts,2026-09-16,NO,LEGAL_REVIEW_REQUIRED
TX,Gregg,092,https://comptroller.texas.gov/taxes/property-tax/county-directory/gregg.php,Mark Cormier,www.gcad.org,05/08/2024,DIRECTORY_LISTED,Michelle Terry,www.greggcounty.texas.gov,10/07/2025,DIRECTORY_LISTED,Texas Comptroller of Public Accounts,2026-09-16,NO,LEGAL_REVIEW_REQUIRED
TX,Grimes,093,https://comptroller.texas.gov/taxes/property-tax/county-directory/grimes.php,Mark Boehnke,www.grimescad.org,10/28/2015,DIRECTORY_LISTED,Mary Ann Waters,www.grimescountytexas.gov,04/09/2025,DIRECTORY_LISTED,Texas Comptroller of Public Accounts,2026-09-16,NO,LEGAL_REVIEW_REQUIRED
TX,Guadalupe,094,https://comptroller.texas.gov/taxes/property-tax/county-directory/guadalupe.php,Peter Snaddon,www.guadalupead.org,04/07/2026,DIRECTORY_LISTED,Daryl John,www.co.guadalupe.tx.us,09/20/2017,DIRECTORY_LISTED,Texas Comptroller of Public Accounts,2026-09-16,NO,LEGAL_REVIEW_REQUIRED
TX,Hale,095,https://comptroller.texas.gov/taxes/property-tax/county-directory/hale.php,Andrew Moritz,www.halecad.org,01/13/2023,DIRECTORY_LISTED,Israel Flores,www.halecounty.org,03/26/2025,DIRECTORY_LISTED,Texas Comptroller of Public Accounts,2026-09-16,NO,LEGAL_REVIEW_REQUIRED
TX,Hall,096,https://comptroller.texas.gov/taxes/property-tax/county-directory/hall.php,Gina Chavira,www.hallcad.org,07/26/2023,DIRECTORY_LISTED,Teresa Altman,www.co.hall.tx.us,03/26/2025,DIRECTORY_LISTED,Texas Comptroller of Public Accounts,2026-09-16,NO,LEGAL_REVIEW_REQUIRED
TX,Hamilton,097,https://comptroller.texas.gov/taxes/property-tax/county-directory/hamilton.php,Codi Ann McCarn,www.hamiltoncad.org,05/09/2024,DIRECTORY_LISTED,Terry Short,www.co.hamilton.tx.us,04/15/2025,DIRECTORY_LISTED,Texas Comptroller of Public Accounts,2026-09-16,NO,LEGAL_REVIEW_REQUIRED
TX,Hansford,098,https://comptroller.texas.gov/taxes/property-tax/county-directory/hansford.php,Brandi Thompson,www.hansfordcad.org,09/07/2017,DIRECTORY_LISTED,Linda Cummings,www.co.hansford.tx.us,02/14/2025,DIRECTORY_LISTED,Texas Comptroller of Public Accounts,2026-09-16,NO,LEGAL_REVIEW_REQUIRED
TX,Hardeman,099,https://comptroller.texas.gov/taxes/property-tax/county-directory/hardeman.php,"Richard Petree, Interim",www.hardemancad.org,05/05/2026,DIRECTORY_LISTED,Jan Evans,www.co.hardeman.tx.us,03/26/2025,DIRECTORY_LISTED,Texas Comptroller of Public Accounts,2026-09-16,NO,LEGAL_REVIEW_REQUIRED
TX,Hardin,100,https://comptroller.texas.gov/taxes/property-tax/county-directory/hardin.php,Karl Keller,http://hardin-cad.org,05/05/2026,DIRECTORY_LISTED,Steve Smith,www.co.hardin.tx.us,03/26/2025,DIRECTORY_LISTED,Texas Comptroller of Public Accounts,2026-09-16,NO,LEGAL_REVIEW_REQUIRED
TX,Harris,101,https://comptroller.texas.gov/taxes/property-tax/county-directory/harris.php,Adam Bogard,www.hcad.org,09/08/2026,DIRECTORY_LISTED,Annette Ramirez,www.hctax.net,03/26/2025,DIRECTORY_LISTED,Texas Comptroller of Public Accounts,2026-09-16,NO,LEGAL_REVIEW_REQUIRED
TX,Harrison,102,https://comptroller.texas.gov/taxes/property-tax/county-directory/harrison.php,J.L. Flowers,www.harrisoncad.net,05/09/2024,DIRECTORY_LISTED,Elizabeth Cook,www.harrisoncountytexas.gov,04/09/2025,DIRECTORY_LISTED,Texas Comptroller of Public Accounts,2026-09-16,NO,LEGAL_REVIEW_REQUIRED
TX,Hartley,103,https://comptroller.texas.gov/taxes/property-tax/county-directory/hartley.php,Juan Salazar,www.hartleycad.org,02/18/2021,DIRECTORY_LISTED,Chanze Fowler,www.co.hartley.tx.us,03/26/2025,DIRECTORY_LISTED,Texas Comptroller of Public Accounts,2026-09-16,NO,LEGAL_REVIEW_REQUIRED
TX,Haskell,104,https://comptroller.texas.gov/taxes/property-tax/county-directory/haskell.php,Jamie Ferguson,www.haskellcad.com,05/05/2026,DIRECTORY_LISTED,Connie Benton,,04/23/2013,SOURCE_NOT_FOUND,Texas Comptroller of Public Accounts,2026-09-16,NO,LEGAL_REVIEW_REQUIRED
TX,Hays,105,https://comptroller.texas.gov/taxes/property-tax/county-directory/hays.php,Laura Raven,www.hayscad.com,07/02/2026,DIRECTORY_LISTED,Jennifer Escobar,www.hayscountytx.gov,12/04/2025,DIRECTORY_LISTED,Texas Comptroller of Public Accounts,2026-09-16,NO,LEGAL_REVIEW_REQUIRED
TX,Hemphill,106,https://comptroller.texas.gov/taxes/property-tax/county-directory/hemphill.php,Pam Scates,hemphillcad.org,02/03/2025,DIRECTORY_LISTED,Chris Jackson,www.co.hemphill.tx.us,01/19/2021,DIRECTORY_LISTED,Texas Comptroller of Public Accounts,2026-09-16,NO,LEGAL_REVIEW_REQUIRED
TX,Henderson,107,https://comptroller.texas.gov/taxes/property-tax/county-directory/henderson.php,Bill Jackson,www.henderson-cad.org,01/27/2025,DIRECTORY_LISTED,Peggy Goodall,www.henderson-county.com/,03/26/2025,DIRECTORY_LISTED,Texas Comptroller of Public Accounts,2026-09-16,NO,LEGAL_REVIEW_REQUIRED
TX,Hidalgo,108,https://comptroller.texas.gov/taxes/property-tax/county-directory/hidalgo.php,Rolando Garza,www.hidalgoad.org,06/11/2025,DIRECTORY_LISTED,Paul Villarreal Jr.,www.hidalgocounty.us,03/26/2025,DIRECTORY_LISTED,Texas Comptroller of Public Accounts,2026-09-16,NO,LEGAL_REVIEW_REQUIRED
TX,Hill,109,https://comptroller.texas.gov/taxes/property-tax/county-directory/hill.php,Mike McKibben,www.hillcad.org,03/04/2025,DIRECTORY_LISTED,Krystal Hightower,www.hilltax.org,07/09/2026,DIRECTORY_LISTED,Texas Comptroller of Public Accounts,2026-09-16,NO,LEGAL_REVIEW_REQUIRED
TX,Hockley,110,https://comptroller.texas.gov/taxes/property-tax/county-directory/hockley.php,Lorie Marquez,www.hockleycad.org,04/01/2021,DIRECTORY_LISTED,Misty Taylor,www.co.hockley.tx.us,03/26/2025,DIRECTORY_LISTED,Texas Comptroller of Public Accounts,2026-09-16,NO,LEGAL_REVIEW_REQUIRED
TX,Hood,111,https://comptroller.texas.gov/taxes/property-tax/county-directory/hood.php,Jeff Law,www.hoodcad.net,11/17/2025,DIRECTORY_LISTED,Andrea Ferguson,www.hoodcounty.texas.gov,03/26/2025,DIRECTORY_LISTED,Texas Comptroller of Public Accounts,2026-09-16,NO,LEGAL_REVIEW_REQUIRED
TX,Hopkins,112,https://comptroller.texas.gov/taxes/property-tax/county-directory/hopkins.php,Cathy N. Singleton,www.hopkinscad.com,05/05/2026,DIRECTORY_LISTED,Chasity Campbell,www.hopkinscountytx.org,03/26/2025,DIRECTORY_LISTED,Texas Comptroller of Public Accounts,2026-09-16,NO,LEGAL_REVIEW_REQUIRED
TX,Houston,113,https://comptroller.texas.gov/taxes/property-tax/county-directory/houston.php,Carey Minter,www.houstoncad.org,09/12/2023,DIRECTORY_LISTED,James Angerstein,www.houstoncountytaxoffice.com,03/26/2025,DIRECTORY_LISTED,Texas Comptroller of Public Accounts,2026-09-16,NO,LEGAL_REVIEW_REQUIRED
TX,Howard,114,https://comptroller.texas.gov/taxes/property-tax/county-directory/howard.php,Julie Duke,http://www.howardcad.org,08/13/2025,DIRECTORY_LISTED,Tiffany Sayles,www.co.howard.tx.us,03/28/2018,DIRECTORY_LISTED,Texas Comptroller of Public Accounts,2026-09-16,NO,LEGAL_REVIEW_REQUIRED
TX,Hudspeth,115,https://comptroller.texas.gov/taxes/property-tax/county-directory/hudspeth.php,Adolfo Ramirez,www.hudspethcad.org,05/09/2024,DIRECTORY_LISTED,Patricia Rose,www.co.hudspeth.tx.us,03/26/2025,DIRECTORY_LISTED,Texas Comptroller of Public Accounts,2026-09-16,NO,LEGAL_REVIEW_REQUIRED
TX,Hunt,116,https://comptroller.texas.gov/taxes/property-tax/county-directory/hunt.php,Brent South,www.hunt-cad.org,10/25/2022,DIRECTORY_LISTED,Randy Wineinger,,03/26/2025,SOURCE_NOT_FOUND,Texas Comptroller of Public Accounts,2026-09-16,NO,LEGAL_REVIEW_REQUIRED
TX,Hutchinson,117,https://comptroller.texas.gov/taxes/property-tax/county-directory/hutchinson.php,John Gillman,www.hutchinsoncad.org,02/14/2025,DIRECTORY_LISTED,Carrie Kimmell,www.co.hutchinson.tx.us,02/14/2025,DIRECTORY_LISTED,Texas Comptroller of Public Accounts,2026-09-16,NO,LEGAL_REVIEW_REQUIRED
TX,Irion,118,https://comptroller.texas.gov/taxes/property-tax/county-directory/irion.php,Byron Bitner,www.irioncad.org,05/09/2024,DIRECTORY_LISTED,Joyce Gray,www.co.irion.tx.us,08/05/2016,DIRECTORY_LISTED,Texas Comptroller of Public Accounts,2026-09-16,NO,LEGAL_REVIEW_REQUIRED
TX,Jack,119,https://comptroller.texas.gov/taxes/property-tax/county-directory/jack.php,Nichole Rose,www.jackcad.org,08/04/2026,DIRECTORY_LISTED,Trasi Ogle,www.jackcounty.org,03/26/2025,DIRECTORY_LISTED,Texas Comptroller of Public Accounts,2026-09-16,NO,LEGAL_REVIEW_REQUIRED
TX,Jackson,120,https://comptroller.texas.gov/taxes/property-tax/county-directory/jackson.php,Megan Bell,www.jacksoncad.org,05/05/2026,DIRECTORY_LISTED,Monica Foster,www.co.jackson.tx.us,08/01/2017,DIRECTORY_LISTED,Texas Comptroller of Public Accounts,2026-09-16,NO,LEGAL_REVIEW_REQUIRED
TX,Jasper,121,https://comptroller.texas.gov/taxes/property-tax/county-directory/jasper.php,Lori Barnett,www.jaspercad.org,05/05/2026,DIRECTORY_LISTED,Joe Hawthorn,www.co.jasper.tx.us,07/30/2024,DIRECTORY_LISTED,Texas Comptroller of Public Accounts,2026-09-16,NO,LEGAL_REVIEW_REQUIRED
TX,Jeff Davis,122,https://comptroller.texas.gov/taxes/property-tax/county-directory/jeffdavis.php,"Gary Zeitler, Interim",www.jeffdaviscad.org,08/25/2022,DIRECTORY_LISTED,Sheriff Victor Lopez,www.jeffdaviscounty.texas.gov,04/15/2025,DIRECTORY_LISTED,Texas Comptroller of Public Accounts,2026-09-16,NO,LEGAL_REVIEW_REQUIRED
TX,Jefferson,123,https://comptroller.texas.gov/taxes/property-tax/county-directory/jefferson.php,Angela Bellard,www.jcad.org,04/14/2024,DIRECTORY_LISTED,Kate Carroll,www.jeffcotax.com,06/17/2025,DIRECTORY_LISTED,Texas Comptroller of Public Accounts,2026-09-16,NO,LEGAL_REVIEW_REQUIRED
TX,Jim Hogg,124,https://comptroller.texas.gov/taxes/property-tax/county-directory/jimhogg.php,Celina Sauceda,www.jimhogg-cad.org,08/24/2026,DIRECTORY_LISTED,Norma Liza S. Hinojosa,www.jimhoggcountytax.org,04/15/2025,DIRECTORY_LISTED,Texas Comptroller of Public Accounts,2026-09-16,NO,LEGAL_REVIEW_REQUIRED
TX,Jim Wells,125,https://comptroller.texas.gov/taxes/property-tax/county-directory/jimwells.php,"G. Carlos Rodriguez, Jr., Interim",www.jimwellscad.org,06/23/2023,DIRECTORY_LISTED,Mary C. Lozano,www.co.jim-wells.tx.us,04/15/2025,DIRECTORY_LISTED,Texas Comptroller of Public Accounts,2026-09-16,NO,LEGAL_REVIEW_REQUIRED
TX,Johnson,126,https://comptroller.texas.gov/taxes/property-tax/county-directory/johnson.php,Mitch Fast,www.johnsoncad.com,08/11/2026,DIRECTORY_LISTED,Scott Porter,www.johnsoncountytaxoffice.org,04/15/2025,DIRECTORY_LISTED,Texas Comptroller of Public Accounts,2026-09-16,NO,LEGAL_REVIEW_REQUIRED
TX,Jones,127,https://comptroller.texas.gov/taxes/property-tax/county-directory/jones.php,Tammy Smith,www.jonescad.org,09/19/2023,DIRECTORY_LISTED,Gloria Little,www.co.jones.tx.us,01/07/2019,DIRECTORY_LISTED,Texas Comptroller of Public Accounts,2026-09-16,NO,LEGAL_REVIEW_REQUIRED
TX,Karnes,128,https://comptroller.texas.gov/taxes/property-tax/county-directory/karnes.php,Brian Stahl,www.karnescad.org,05/10/2024,DIRECTORY_LISTED,Tammy Braudaway,www.co.karnes.tx.us,01/25/2021,DIRECTORY_LISTED,Texas Comptroller of Public Accounts,2026-09-16,NO,LEGAL_REVIEW_REQUIRED
TX,Kaufman,129,https://comptroller.texas.gov/taxes/property-tax/county-directory/kaufman.php,Sarah Curtis,,05/06/2026,SOURCE_NOT_FOUND,Teressa Floyd,www.kaufmancounty.net/247/Tax-Assessor,04/15/2025,DIRECTORY_LISTED,Texas Comptroller of Public Accounts,2026-09-16,NO,LEGAL_REVIEW_REQUIRED
TX,Kendall,130,https://comptroller.texas.gov/taxes/property-tax/county-directory/kendall.php,Nelia Zapata,www.kendallad.org,01/27/2025,DIRECTORY_LISTED,James Hudson,www.co.kendall.tx.us,04/23/2013,DIRECTORY_LISTED,Texas Comptroller of Public Accounts,2026-09-16,NO,LEGAL_REVIEW_REQUIRED
TX,Kenedy,131,https://comptroller.texas.gov/taxes/property-tax/county-directory/kenedy.php,Thomas G. Denney,www.kenedycad.org,05/10/2024,DIRECTORY_LISTED,Irma Longoria,www.kenedycountytx.gov,08/13/2025,DIRECTORY_LISTED,Texas Comptroller of Public Accounts,2026-09-16,NO,LEGAL_REVIEW_REQUIRED
TX,Kent,132,https://comptroller.texas.gov/taxes/property-tax/county-directory/kent.php,Cindy Watson,www.kentcad.org,04/12/2017,DIRECTORY_LISTED,William D. Scogin,www.co.kent.tx.us,04/15/2025,DIRECTORY_LISTED,Texas Comptroller of Public Accounts,2026-09-16,NO,LEGAL_REVIEW_REQUIRED
TX,Kerr,133,https://comptroller.texas.gov/taxes/property-tax/county-directory/kerr.php,Sharon Constantinides,www.kerrcad.org,01/27/2025,DIRECTORY_LISTED,Bob Reeves,www.co.kerr.tx.us,04/25/2019,DIRECTORY_LISTED,Texas Comptroller of Public Accounts,2026-09-16,NO,LEGAL_REVIEW_REQUIRED
TX,Kimble,134,https://comptroller.texas.gov/taxes/property-tax/county-directory/kimble.php,Kenda McPherson,www.kimblecad.org,01/27/2025,DIRECTORY_LISTED,Matthew Suttle,www.co.kimble.tx.us,04/15/2025,DIRECTORY_LISTED,Texas Comptroller of Public Accounts,2026-09-16,NO,LEGAL_REVIEW_REQUIRED
TX,King,135,https://comptroller.texas.gov/taxes/property-tax/county-directory/king.php,Vonda Brendle,www.kingcad.org,05/06/2026,DIRECTORY_LISTED,Amy McCauley,www.co.king.tx.us/page/king.Assessor.Collector,03/25/2022,DIRECTORY_LISTED,Texas Comptroller of Public Accounts,2026-09-16,NO,LEGAL_REVIEW_REQUIRED
TX,Kinney,136,https://comptroller.texas.gov/taxes/property-tax/county-directory/kinney.php,Todd Tate,www.kinneycad.org,05/02/2018,DIRECTORY_LISTED,Martha Pena-Padron,www.co.kinney.tx.us,04/15/2025,DIRECTORY_LISTED,Texas Comptroller of Public Accounts,2026-09-16,NO,LEGAL_REVIEW_REQUIRED
TX,Kleberg,137,https://comptroller.texas.gov/taxes/property-tax/county-directory/kleberg.php,Marlene Perez,,02/02/2026,SOURCE_NOT_FOUND,Maria Valadez,www.co.kleberg.tx.us,04/15/2025,DIRECTORY_LISTED,Texas Comptroller of Public Accounts,2026-09-16,NO,LEGAL_REVIEW_REQUIRED
TX,Knox,138,https://comptroller.texas.gov/taxes/property-tax/county-directory/knox.php,Mitzi Welch,www.knoxcad.com,05/10/2024,DIRECTORY_LISTED,Penny Eaton,www.knoxcountytexas.org,01/15/2025,DIRECTORY_LISTED,Texas Comptroller of Public Accounts,2026-09-16,NO,LEGAL_REVIEW_REQUIRED
TX,Lamar,139,https://comptroller.texas.gov/taxes/property-tax/county-directory/lamar.php,Stephanie Lee,www.lamarcad.org,05/14/2024,DIRECTORY_LISTED,Brooke Hill,www.co.lamar.tx.us,05/16/2025,DIRECTORY_LISTED,Texas Comptroller of Public Accounts,2026-09-16,NO,LEGAL_REVIEW_REQUIRED
TX,Lamb,140,https://comptroller.texas.gov/taxes/property-tax/county-directory/lamb.php,Lesa Kloiber,www.lambcad.org,01/27/2025,DIRECTORY_LISTED,Tammy Kirkland,www.co.lamb.tx.us,04/22/2025,DIRECTORY_LISTED,Texas Comptroller of Public Accounts,2026-09-16,NO,LEGAL_REVIEW_REQUIRED
TX,Lampasas,141,https://comptroller.texas.gov/taxes/property-tax/county-directory/lampasas.php,Juan Saucedo,www.lampasascad.com,01/28/2025,DIRECTORY_LISTED,Betty Salinas,www.co.lampasas.tx.us,04/16/2025,DIRECTORY_LISTED,Texas Comptroller of Public Accounts,2026-09-16,NO,LEGAL_REVIEW_REQUIRED
TX,La Salle,142,https://comptroller.texas.gov/taxes/property-tax/county-directory/lasalle.php,Bobby Peregoy,www.lasallecad.com,07/26/2022,DIRECTORY_LISTED,Dora Gonzales,www.lasallecountytxtax.org,04/22/2025,DIRECTORY_LISTED,Texas Comptroller of Public Accounts,2026-09-16,NO,LEGAL_REVIEW_REQUIRED
TX,Lavaca,143,https://comptroller.texas.gov/taxes/property-tax/county-directory/lavaca.php,Pamela Lathrop,www.lavacacad.com,08/17/2023,DIRECTORY_LISTED,Deborah Sevcik,www.co.lavaca.tx.us,04/25/2019,DIRECTORY_LISTED,Texas Comptroller of Public Accounts,2026-09-16,NO,LEGAL_REVIEW_REQUIRED
TX,Lee,144,https://comptroller.texas.gov/taxes/property-tax/county-directory/lee.php,James Orr,www.lee-cad.org,08/27/2014,DIRECTORY_LISTED,"David Matthijetz, AAP",www.leetax.org,04/23/2013,DIRECTORY_LISTED,Texas Comptroller of Public Accounts,2026-09-16,NO,LEGAL_REVIEW_REQUIRED
TX,Leon,145,https://comptroller.texas.gov/taxes/property-tax/county-directory/leon.php,Marcus Williams,www.leoncad.org,08/13/2025,DIRECTORY_LISTED,Victoria Willis,www.co.leon.tx.us,04/16/2025,DIRECTORY_LISTED,Texas Comptroller of Public Accounts,2026-09-16,NO,LEGAL_REVIEW_REQUIRED
TX,Liberty,146,https://comptroller.texas.gov/taxes/property-tax/county-directory/liberty.php,Lana McCarty,www.libertycad.com,07/14/2025,DIRECTORY_LISTED,Richard L. Brown,www.co.liberty.tx.us,05/17/2025,DIRECTORY_LISTED,Texas Comptroller of Public Accounts,2026-09-16,NO,LEGAL_REVIEW_REQUIRED
TX,Limestone,147,https://comptroller.texas.gov/taxes/property-tax/county-directory/limestone.php,Leah Briggs,www.limestonecad.com,12/04/2025,DIRECTORY_LISTED,Stacy Hall,www.co.limestone.tx.us,09/16/2014,DIRECTORY_LISTED,Texas Comptroller of Public Accounts,2026-09-16,NO,LEGAL_REVIEW_REQUIRED
TX,Lipscomb,148,https://comptroller.texas.gov/taxes/property-tax/county-directory/lipscomb.php,Angela Peil,www.lipscombcad.com,05/13/2024,DIRECTORY_LISTED,Raelene Copeland,www.co.lipscomb.tx.us,04/17/2025,DIRECTORY_LISTED,Texas Comptroller of Public Accounts,2026-09-16,NO,LEGAL_REVIEW_REQUIRED
TX,Live Oak,149,https://comptroller.texas.gov/taxes/property-tax/county-directory/liveoak.php,Irene Gonzales,www.liveoakappraisal.com,11/25/2021,DIRECTORY_LISTED,Deanna Atkinson,www.co.live-oak.tx.us,02/18/2025,DIRECTORY_LISTED,Texas Comptroller of Public Accounts,2026-09-16,NO,LEGAL_REVIEW_REQUIRED
TX,Llano,150,https://comptroller.texas.gov/taxes/property-tax/county-directory/llano.php,Mr. Scott Dudley,www.llanocad.net,06/04/2026,DIRECTORY_LISTED,Kris Fogelberg,www.co.llano.tx.us,08/19/15,DIRECTORY_LISTED,Texas Comptroller of Public Accounts,2026-09-16,NO,LEGAL_REVIEW_REQUIRED
TX,Loving,151,https://comptroller.texas.gov/taxes/property-tax/county-directory/loving.php,Alicia McGehee,www.lovingcad.org,05/06/2026,DIRECTORY_LISTED,David Landersman,www.co.loving.tx.us,04/17/2025,DIRECTORY_LISTED,Texas Comptroller of Public Accounts,2026-09-16,NO,LEGAL_REVIEW_REQUIRED
TX,Lubbock,152,https://comptroller.texas.gov/taxes/property-tax/county-directory/lubbock.php,Tim Radloff,www.lubbockcad.org,02/25/2026,DIRECTORY_LISTED,Ronnie Keister,www.lubbockcounty.gov,04/22/2025,DIRECTORY_LISTED,Texas Comptroller of Public Accounts,2026-09-16,NO,LEGAL_REVIEW_REQUIRED
TX,Lynn,153,https://comptroller.texas.gov/taxes/property-tax/county-directory/lynn.php,Jason Cross,www.lynncad.org,08/13/2025,DIRECTORY_LISTED,Kathy Grant,www.co.lynn.tx.us,04/17/2025,DIRECTORY_LISTED,Texas Comptroller of Public Accounts,2026-09-16,NO,LEGAL_REVIEW_REQUIRED
TX,Madison,154,https://comptroller.texas.gov/taxes/property-tax/county-directory/madison.php,Randy Dudley,www.madisoncad.org,05/15/2026,DIRECTORY_LISTED,Karen Lane,www.madisontax.org,06/04/2014,DIRECTORY_LISTED,Texas Comptroller of Public Accounts,2026-09-16,NO,LEGAL_REVIEW_REQUIRED
TX,Marion,155,https://comptroller.texas.gov/taxes/property-tax/county-directory/marion.php,Anna Lummus,www.marioncad.org,01/28/2025,DIRECTORY_LISTED,Karen Jones,www.marioncountytaxoffice.com,01/01/2013,DIRECTORY_LISTED,Texas Comptroller of Public Accounts,2026-09-16,NO,LEGAL_REVIEW_REQUIRED
TX,Martin,156,https://comptroller.texas.gov/taxes/property-tax/county-directory/martin.php,April Salazar,www.martincad.org,01/15/2026,DIRECTORY_LISTED,Lori Pardue,www.co.martin.tx.us,04/17/2025,DIRECTORY_LISTED,Texas Comptroller of Public Accounts,2026-09-16,NO,LEGAL_REVIEW_REQUIRED
TX,Mason,157,https://comptroller.texas.gov/taxes/property-tax/county-directory/mason.php,Christel B. Lively,www.masoncad.org,01/13/2023,DIRECTORY_LISTED,Sheriff Joe Lancaster,www.co.mason.tx.us,02/18/2025,DIRECTORY_LISTED,Texas Comptroller of Public Accounts,2026-09-16,NO,LEGAL_REVIEW_REQUIRED
TX,Matagorda,158,https://comptroller.texas.gov/taxes/property-tax/county-directory/matagorda.php,Katharine McGee,www.matagorda-cad.org,01/16/2026,DIRECTORY_LISTED,Becky Cook,www.co.matagorda.tx.us,02/18/2025,DIRECTORY_LISTED,Texas Comptroller of Public Accounts,2026-09-16,NO,LEGAL_REVIEW_REQUIRED
TX,Maverick,159,https://comptroller.texas.gov/taxes/property-tax/county-directory/maverick.php,Raul Fuentes,www.maverickcad.org,02/20/2024,DIRECTORY_LISTED,Ruben Montemayor,www.co.maverick.tx.us,04/22/2025,DIRECTORY_LISTED,Texas Comptroller of Public Accounts,2026-09-16,NO,LEGAL_REVIEW_REQUIRED
TX,McCulloch,160,https://comptroller.texas.gov/taxes/property-tax/county-directory/mcculloch.php,Zane Brandenberger,www.mccullochcad.org,01/28/2025,DIRECTORY_LISTED,Silvia Campos,www.co.mcculloch.tx.us,04/22/2025,DIRECTORY_LISTED,Texas Comptroller of Public Accounts,2026-09-16,NO,LEGAL_REVIEW_REQUIRED
TX,McLennan,161,https://comptroller.texas.gov/taxes/property-tax/county-directory/mclennan.php,Jim Halbert,www.mclennancad.org,05/07/2026,DIRECTORY_LISTED,Randy Riggs,www.co.mclennan.tx.us,01/01/2013,DIRECTORY_LISTED,Texas Comptroller of Public Accounts,2026-09-16,NO,LEGAL_REVIEW_REQUIRED
TX,McMullen,162,https://comptroller.texas.gov/taxes/property-tax/county-directory/mcmullen.php,Blaine Patterson,www.mcmullencad.org,02/18/25,DIRECTORY_LISTED,Bessilia Guerrero,www.mcmullencounty.org/county-tax-assessorcollector/,02/21/2025,DIRECTORY_LISTED,Texas Comptroller of Public Accounts,2026-09-16,NO,LEGAL_REVIEW_REQUIRED
TX,Medina,163,https://comptroller.texas.gov/taxes/property-tax/county-directory/medina.php,Johnette Dixon,www.medinacad.org,11/05/2025,DIRECTORY_LISTED,Melissa Lutz,www.medinacountytexas.org,09/16/2014,DIRECTORY_LISTED,Texas Comptroller of Public Accounts,2026-09-16,NO,LEGAL_REVIEW_REQUIRED
TX,Menard,164,https://comptroller.texas.gov/taxes/property-tax/county-directory/menard.php,Kayla Wagner,www.menardcad.org,10/26/2016,DIRECTORY_LISTED,Tim Powell,www.co.menard.tx.us,12/17/2013,DIRECTORY_LISTED,Texas Comptroller of Public Accounts,2026-09-16,NO,LEGAL_REVIEW_REQUIRED
TX,Midland,165,https://comptroller.texas.gov/taxes/property-tax/county-directory/midland.php,Michelle Berdeaux,www.midcad.org,01/28/2025,DIRECTORY_LISTED,Mary Helen Bowers,www.co.midland.tx.us,08/13/2025,DIRECTORY_LISTED,Texas Comptroller of Public Accounts,2026-09-16,NO,LEGAL_REVIEW_REQUIRED
TX,Milam,166,https://comptroller.texas.gov/taxes/property-tax/county-directory/milam.php,Ryan Nichols,www.milamad.org,06/30/2025,DIRECTORY_LISTED,Melissa Fritz,www.milamcounty.net,04/17/2025,DIRECTORY_LISTED,Texas Comptroller of Public Accounts,2026-09-16,NO,LEGAL_REVIEW_REQUIRED
TX,Mills,167,https://comptroller.texas.gov/taxes/property-tax/county-directory/mills.php,"Lori Fetterman, Interim",www.millscad.org,05/06/2026,DIRECTORY_LISTED,Lori King,www.co.mills.tx.us,02/18/2025,DIRECTORY_LISTED,Texas Comptroller of Public Accounts,2026-09-16,NO,LEGAL_REVIEW_REQUIRED
TX,Mitchell,168,https://comptroller.texas.gov/taxes/property-tax/county-directory/mitchell.php,Lizz Shankles,www.mitchellcad.org,01/28/2025,DIRECTORY_LISTED,Teresa Hughes,www.co.mitchell.tx.us,04/17/2025,DIRECTORY_LISTED,Texas Comptroller of Public Accounts,2026-09-16,NO,LEGAL_REVIEW_REQUIRED
TX,Montague,169,https://comptroller.texas.gov/taxes/property-tax/county-directory/montague.php,Kim Haralson,iswdataclient.azurewebsites.net,08/15/2023,DIRECTORY_LISTED,Kathy Phillips,www.co.montague.tx.us,04/17/2025,DIRECTORY_LISTED,Texas Comptroller of Public Accounts,2026-09-16,NO,LEGAL_REVIEW_REQUIRED
TX,Montgomery,170,https://comptroller.texas.gov/taxes/property-tax/county-directory/montgomery.php,Sherry Hunter,www.mcad-tx.org,07/15/2026,DIRECTORY_LISTED,Tammy McRae,www.mctotx.org,04/22/2025,DIRECTORY_LISTED,Texas Comptroller of Public Accounts,2026-09-16,NO,LEGAL_REVIEW_REQUIRED
TX,Moore,171,https://comptroller.texas.gov/taxes/property-tax/county-directory/moore.php,Janie Starkey,www.moorecad.org,03/30/2026,DIRECTORY_LISTED,Chris Rivera,www.co.moore.tx.us,04/22/2025,DIRECTORY_LISTED,Texas Comptroller of Public Accounts,2026-09-16,NO,LEGAL_REVIEW_REQUIRED
TX,Morris,172,https://comptroller.texas.gov/taxes/property-tax/county-directory/morris.php,Summer Golden,www.morriscad.com,01/20/2021,DIRECTORY_LISTED,Kim W. Thomasson,www.co.morris.tx.us,04/23/2013,DIRECTORY_LISTED,Texas Comptroller of Public Accounts,2026-09-16,NO,LEGAL_REVIEW_REQUIRED
TX,Motley,173,https://comptroller.texas.gov/taxes/property-tax/county-directory/motley.php,Jim Finley,,01/28/2025,SOURCE_NOT_FOUND,Ronda Miller,www.co.motley.tx.us,04/24/2025,DIRECTORY_LISTED,Texas Comptroller of Public Accounts,2026-09-16,NO,LEGAL_REVIEW_REQUIRED
TX,Nacogdoches,174,https://comptroller.texas.gov/taxes/property-tax/county-directory/nacogdoches.php,Jason Malott,www.nacocad.org,04/24/2026,DIRECTORY_LISTED,Kim Morton,www.co.nacogdoches.tx.us,04/23/2013,DIRECTORY_LISTED,Texas Comptroller of Public Accounts,2026-09-16,NO,LEGAL_REVIEW_REQUIRED
TX,Navarro,175,https://comptroller.texas.gov/taxes/property-tax/county-directory/navarro.php,Bud Black,www.navarrocad.com,03/04/2025,DIRECTORY_LISTED,Mike Dowd,www.co.navarro.tx.us,05/02/2025,DIRECTORY_LISTED,Texas Comptroller of Public Accounts,2026-09-16,NO,LEGAL_REVIEW_REQUIRED
TX,Newton,176,https://comptroller.texas.gov/taxes/property-tax/county-directory/newton.php,Christina Kelley,www.newtoncad.org,07/09/2026,DIRECTORY_LISTED,Tracy M Noble,www.co.newton.tx.us,07/09/2026,DIRECTORY_LISTED,Texas Comptroller of Public Accounts,2026-09-16,NO,LEGAL_REVIEW_REQUIRED
TX,Nolan,177,https://comptroller.texas.gov/taxes/property-tax/county-directory/nolan.php,Paula Kisinger,www.nolan-cad.org,06/23/2026,DIRECTORY_LISTED,Adriana Archuleta,www.co.nolan.tx.us,04/24/2025,DIRECTORY_LISTED,Texas Comptroller of Public Accounts,2026-09-16,NO,LEGAL_REVIEW_REQUIRED
TX,Nueces,178,https://comptroller.texas.gov/taxes/property-tax/county-directory/nueces.php,Debra D. Morin,www.ncadistrict.com,04/24/2026,DIRECTORY_LISTED,Kevin Kieschnick,www.nuecesco.com,02/18/2025,DIRECTORY_LISTED,Texas Comptroller of Public Accounts,2026-09-16,NO,LEGAL_REVIEW_REQUIRED
TX,Ochiltree,179,https://comptroller.texas.gov/taxes/property-tax/county-directory/ochiltree.php,Julia Mendez,www.ochiltreecad.org,02/18/2025,DIRECTORY_LISTED,Angel Hernandez,www.co.ochiltree.tx.us,02/18/2025,DIRECTORY_LISTED,Texas Comptroller of Public Accounts,2026-09-16,NO,LEGAL_REVIEW_REQUIRED
TX,Oldham,180,https://comptroller.texas.gov/taxes/property-tax/county-directory/oldham.php,Leann Voyles,oldhamcad.org,02/19/2025,DIRECTORY_LISTED,Adriana Cano,www.co.oldham.tx.us,02/19/2025,DIRECTORY_LISTED,Texas Comptroller of Public Accounts,2026-09-16,NO,LEGAL_REVIEW_REQUIRED
TX,Orange,181,https://comptroller.texas.gov/taxes/property-tax/county-directory/orange.php,Mr. Scott Overton,www.orangecad.net,01/29/2025,DIRECTORY_LISTED,Octavia Guzman,www.co.orange.tx.us,07/31/2024,DIRECTORY_LISTED,Texas Comptroller of Public Accounts,2026-09-16,NO,LEGAL_REVIEW_REQUIRED
TX,Palo Pinto,182,https://comptroller.texas.gov/taxes/property-tax/county-directory/palopinto.php,Chuck Lyon,,06/04/2026,SOURCE_NOT_FOUND,Margaret Griffith,www.co.palo-pinto.tx.us,01/06/2017,DIRECTORY_LISTED,Texas Comptroller of Public Accounts,2026-09-16,NO,LEGAL_REVIEW_REQUIRED
TX,Panola,183,https://comptroller.texas.gov/taxes/property-tax/county-directory/panola.php,Michael Douglas McPhail,www.panolacad.org,05/06/2026,DIRECTORY_LISTED,Holly Gibbs,www.co.panola.tx.us,02/19/2025,DIRECTORY_LISTED,Texas Comptroller of Public Accounts,2026-09-16,NO,LEGAL_REVIEW_REQUIRED
TX,Parker,184,https://comptroller.texas.gov/taxes/property-tax/county-directory/parker.php,Troy Hanson,www.parkercad.org,01/29/2025,DIRECTORY_LISTED,Jenny Gentry,www.parkercountytx.gov,04/24/2025,DIRECTORY_LISTED,Texas Comptroller of Public Accounts,2026-09-16,NO,LEGAL_REVIEW_REQUIRED
TX,Parmer,185,https://comptroller.texas.gov/taxes/property-tax/county-directory/parmer.php,Jill Timms,www.parmercad.org,08/15/2023,DIRECTORY_LISTED,Awyna Sanchez,www.parmercounty.texas.gov,02/21/2025,DIRECTORY_LISTED,Texas Comptroller of Public Accounts,2026-09-16,NO,LEGAL_REVIEW_REQUIRED
TX,Pecos,186,https://comptroller.texas.gov/taxes/property-tax/county-directory/pecos.php,Sam Calderon III,www.pecoscad.org,01/01/2013,DIRECTORY_LISTED,Veronica Bernal,www.co.pecos.tx.us,02/19/2025,DIRECTORY_LISTED,Texas Comptroller of Public Accounts,2026-09-16,NO,LEGAL_REVIEW_REQUIRED
TX,Polk,187,https://comptroller.texas.gov/taxes/property-tax/county-directory/polk.php,Chad Hill,www.polkcad.org,02/17/2026,DIRECTORY_LISTED,Tatum White,www.co.polk.tx.us,07/08/2024,DIRECTORY_LISTED,Texas Comptroller of Public Accounts,2026-09-16,NO,LEGAL_REVIEW_REQUIRED
TX,Potter,188,https://comptroller.texas.gov/taxes/property-tax/county-directory/potter.php,Jeff Dagley,www.prad.org,02/19/2025,DIRECTORY_LISTED,Thomas Warren,www.co.potter.tx.us,02/21/2025,DIRECTORY_LISTED,Texas Comptroller of Public Accounts,2026-09-16,NO,LEGAL_REVIEW_REQUIRED
TX,Presidio,189,https://comptroller.texas.gov/taxes/property-tax/county-directory/presidio.php,Cynthia Ramirez,www.presidiocad.org,05/13/2024,DIRECTORY_LISTED,Nancy Valdez Arevalo,www.co.presidio.tx.us,02/19/2025,DIRECTORY_LISTED,Texas Comptroller of Public Accounts,2026-09-16,NO,LEGAL_REVIEW_REQUIRED
TX,Rains,190,https://comptroller.texas.gov/taxes/property-tax/county-directory/rains.php,Sherri McCall,www.rainscad.org,05/06/2026,DIRECTORY_LISTED,Sheila Floyd,www.co.rains.tx.us,05/02/2025,DIRECTORY_LISTED,Texas Comptroller of Public Accounts,2026-09-16,NO,LEGAL_REVIEW_REQUIRED
TX,Randall,191,https://comptroller.texas.gov/taxes/property-tax/county-directory/randall.php,Jeff Dagley,www.prad.org,2024,DIRECTORY_LISTED,Christina McMurray,www.randallcounty.gov,04/24/2025,DIRECTORY_LISTED,Texas Comptroller of Public Accounts,2026-09-16,NO,LEGAL_REVIEW_REQUIRED
TX,Reagan,192,https://comptroller.texas.gov/taxes/property-tax/county-directory/reagan.php,Jacquelyn Botello,www.reagancad.org,01/20/2021,DIRECTORY_LISTED,Cynthia Aguilar,www.co.reagan.tx.us,04/25/2025,DIRECTORY_LISTED,Texas Comptroller of Public Accounts,2026-09-16,NO,LEGAL_REVIEW_REQUIRED
TX,Real,193,https://comptroller.texas.gov/taxes/property-tax/county-directory/real.php,"Lori Fetterman, Interim",www.realcad.org,08/13/2025,DIRECTORY_LISTED,Terrie Pendley,www.co.real.tx.us,04/25/2025,DIRECTORY_LISTED,Texas Comptroller of Public Accounts,2026-09-16,NO,LEGAL_REVIEW_REQUIRED
TX,Red River,194,https://comptroller.texas.gov/taxes/property-tax/county-directory/redriver.php,James Godwin,www.rrcad.org,10/22/2024,DIRECTORY_LISTED,Tonya R. Martin,www.co.red-river.tx.us,,DIRECTORY_LISTED,Texas Comptroller of Public Accounts,2026-09-16,NO,LEGAL_REVIEW_REQUIRED
TX,Reeves,195,https://comptroller.texas.gov/taxes/property-tax/county-directory/reeves.php,Clayton Snyder,www.reeves-cad.org,05/07/2026,DIRECTORY_LISTED,Sandra Soto,www.reevescounty.org,05/07/2026,DIRECTORY_LISTED,Texas Comptroller of Public Accounts,2026-09-16,NO,LEGAL_REVIEW_REQUIRED
TX,Refugio,196,https://comptroller.texas.gov/taxes/property-tax/county-directory/refugio.php,Phillip Gonzales,www.refugiocad.org,01/13/2023,DIRECTORY_LISTED,Liz Kelley,www.co.refugio.tx.us,07/31/2024,DIRECTORY_LISTED,Texas Comptroller of Public Accounts,2026-09-16,NO,LEGAL_REVIEW_REQUIRED
TX,Roberts,197,https://comptroller.texas.gov/taxes/property-tax/county-directory/roberts.php,Hether Williams,www.robertscad.org,06/11/2026,DIRECTORY_LISTED,Hether Williams,www.co.roberts.tx.us,02/15/2017,DIRECTORY_LISTED,Texas Comptroller of Public Accounts,2026-09-16,NO,LEGAL_REVIEW_REQUIRED
TX,Robertson,198,https://comptroller.texas.gov/taxes/property-tax/county-directory/robertson.php,Lesley Sootoo,robertsoncad.com,01/29/2025,DIRECTORY_LISTED,Michael Brewer,www.co.robertson.tx.us,04/25/2025,DIRECTORY_LISTED,Texas Comptroller of Public Accounts,2026-09-16,NO,LEGAL_REVIEW_REQUIRED
TX,Rockwall,199,https://comptroller.texas.gov/taxes/property-tax/county-directory/rockwall.php,Kevin Passons,www.rockwallcad.com,06/11/2026,DIRECTORY_LISTED,Kim Sweet,www.rockwallcountytexas.com,02/19/25,DIRECTORY_LISTED,Texas Comptroller of Public Accounts,2026-09-16,NO,LEGAL_REVIEW_REQUIRED
TX,Runnels,200,https://comptroller.texas.gov/taxes/property-tax/county-directory/runnels.php,Stoney Hariman,www.runnelscad.org,04/24/2026,DIRECTORY_LISTED,Susan Hallford,www.runnelscounty.org,04/25/2025,DIRECTORY_LISTED,Texas Comptroller of Public Accounts,2026-09-16,NO,LEGAL_REVIEW_REQUIRED
TX,Rusk,201,https://comptroller.texas.gov/taxes/property-tax/county-directory/rusk.php,Weldon Cook,www.ruskcad.org,05/02/2025,DIRECTORY_LISTED,Nesha Partin,www.ruskcountytx.gov,05/02/2025,DIRECTORY_LISTED,Texas Comptroller of Public Accounts,2026-09-16,NO,LEGAL_REVIEW_REQUIRED
TX,Sabine,202,https://comptroller.texas.gov/taxes/property-tax/county-directory/sabine.php,Tina Ford,,05/06/2026,SOURCE_NOT_FOUND,Martha M. Stone,www.co.sabine.tx.us,02/19/2025,DIRECTORY_LISTED,Texas Comptroller of Public Accounts,2026-09-16,NO,LEGAL_REVIEW_REQUIRED
TX,San Augustine,203,https://comptroller.texas.gov/taxes/property-tax/county-directory/sanaugustine.php,Evelyn Watts,www.sanaugustinecad.org,03/04/2025,DIRECTORY_LISTED,Regina Barthol,www.co.san-augustine.tx.us,02/19/2025,DIRECTORY_LISTED,Texas Comptroller of Public Accounts,2026-09-16,NO,LEGAL_REVIEW_REQUIRED
TX,San Jacinto,204,https://comptroller.texas.gov/taxes/property-tax/county-directory/sanjacinto.php,Troy Carlson,www.sjcad.org,03/04/2025,DIRECTORY_LISTED,Betty Davis,www.co.san-jacinto.tx.us,01/08/2019,DIRECTORY_LISTED,Texas Comptroller of Public Accounts,2026-09-16,NO,LEGAL_REVIEW_REQUIRED
TX,San Patricio,205,https://comptroller.texas.gov/taxes/property-tax/county-directory/sanpatricio.php,Jordan Light,www.sanpatcad.org,06/11/2026,DIRECTORY_LISTED,Marcela Thormaehlen,www.co.san-patricio.tx.us,02/19/2025,DIRECTORY_LISTED,Texas Comptroller of Public Accounts,2026-09-16,NO,LEGAL_REVIEW_REQUIRED
TX,San Saba,206,https://comptroller.texas.gov/taxes/property-tax/county-directory/sansaba.php,Patricia Turner,www.sansabacad.org,08/15/2023,DIRECTORY_LISTED,Sheriff David Jenkins,www.co.san-saba.tx.us,02/19/2025,DIRECTORY_LISTED,Texas Comptroller of Public Accounts,2026-09-16,NO,LEGAL_REVIEW_REQUIRED
TX,Schleicher,207,https://comptroller.texas.gov/taxes/property-tax/county-directory/schleicher.php,Anna Buitron,www.schleichercad.org,01/29/2025,DIRECTORY_LISTED,Vanessa Covarrubiaz,www.schleichercounty.gov,04/25/2025,DIRECTORY_LISTED,Texas Comptroller of Public Accounts,2026-09-16,NO,LEGAL_REVIEW_REQUIRED
TX,Scurry,208,https://comptroller.texas.gov/taxes/property-tax/county-directory/scurry.php,"Richard Petree, Interim",www.scurrytex.com,05/06/2026,DIRECTORY_LISTED,Jana Young,www.co.scurry.tx.us,07/24/2014,DIRECTORY_LISTED,Texas Comptroller of Public Accounts,2026-09-16,NO,LEGAL_REVIEW_REQUIRED
TX,Shackelford,209,https://comptroller.texas.gov/taxes/property-tax/county-directory/shackelford.php,"Richard Petree, Interim",www.shackelfordcad.com,01/29/2025,DIRECTORY_LISTED,Edward Miller,www.shackelfordcounty.org,05/02/2025,DIRECTORY_LISTED,Texas Comptroller of Public Accounts,2026-09-16,NO,LEGAL_REVIEW_REQUIRED
TX,Shelby,210,https://comptroller.texas.gov/taxes/property-tax/county-directory/shelby.php,Eric Lawrence,www.shelbycad.com,07/08/2024,DIRECTORY_LISTED,Debora Riley,www.co.shelby.tx.us,04/25/2025,DIRECTORY_LISTED,Texas Comptroller of Public Accounts,2026-09-16,NO,LEGAL_REVIEW_REQUIRED
TX,Sherman,211,https://comptroller.texas.gov/taxes/property-tax/county-directory/sherman.php,Courtney Copley,www.shermancad.org,01/13/2023,DIRECTORY_LISTED,Kalee Flippin,www.co.sherman.tx.us,04/25/2025,DIRECTORY_LISTED,Texas Comptroller of Public Accounts,2026-09-16,NO,LEGAL_REVIEW_REQUIRED
TX,Smith,212,https://comptroller.texas.gov/taxes/property-tax/county-directory/smith.php,Carol McNeil,www.smithcad.org,01/29/2025,DIRECTORY_LISTED,Gary B. Barber,www.smith-county.com,04/25/2025,DIRECTORY_LISTED,Texas Comptroller of Public Accounts,2026-09-16,NO,LEGAL_REVIEW_REQUIRED
TX,Somervell,213,https://comptroller.texas.gov/taxes/property-tax/county-directory/somervell.php,Wes Rollen,www.somervellcad.net,08/15/2023,DIRECTORY_LISTED,April Gann,www.somervell.co,02/21/2025,DIRECTORY_LISTED,Texas Comptroller of Public Accounts,2026-09-16,NO,LEGAL_REVIEW_REQUIRED
TX,Starr,214,https://comptroller.texas.gov/taxes/property-tax/county-directory/starr.php,Sonia Garza,www.starrcad.org,02/20/2014,DIRECTORY_LISTED,Ameida Salinas,www.co.starr.tx.us,04/25/2025,DIRECTORY_LISTED,Texas Comptroller of Public Accounts,2026-09-16,NO,LEGAL_REVIEW_REQUIRED
TX,Stephens,215,https://comptroller.texas.gov/taxes/property-tax/county-directory/stephens.php,William Thompson,www.stephenscad.com,02/19/2025,DIRECTORY_LISTED,Crystal Shook,www.co.stephens.tx.us,02/19/2025,DIRECTORY_LISTED,Texas Comptroller of Public Accounts,2026-09-16,NO,LEGAL_REVIEW_REQUIRED
TX,Sterling,216,https://comptroller.texas.gov/taxes/property-tax/county-directory/sterling.php,Julie McEntire,www.sterlingcad.org,02/19/2025,DIRECTORY_LISTED,Ellen Clark,www.co.sterling.tx.us,05/10/2023,DIRECTORY_LISTED,Texas Comptroller of Public Accounts,2026-09-16,NO,LEGAL_REVIEW_REQUIRED
TX,Stonewall,217,https://comptroller.texas.gov/taxes/property-tax/county-directory/stonewall.php,Debra Smith,www.stonewallcad.org,02/19/2025,DIRECTORY_LISTED,Lacy English,www.stonewallcounty.org,02/19/2025,DIRECTORY_LISTED,Texas Comptroller of Public Accounts,2026-09-16,NO,LEGAL_REVIEW_REQUIRED
TX,Sutton,218,https://comptroller.texas.gov/taxes/property-tax/county-directory/sutton.php,Mary Bustamante,www.suttoncad.com,10/02/2025,DIRECTORY_LISTED,Kathy Marshall,www.co.sutton.tx.us,02/19/2025,DIRECTORY_LISTED,Texas Comptroller of Public Accounts,2026-09-16,NO,LEGAL_REVIEW_REQUIRED
TX,Swisher,219,https://comptroller.texas.gov/taxes/property-tax/county-directory/swisher.php,Andrew Moritz,www.swisher-cad.org,01/20/2021,DIRECTORY_LISTED,Deborah Lemons,www.co.swisher.tx.us,02/21/2025,DIRECTORY_LISTED,Texas Comptroller of Public Accounts,2026-09-16,NO,LEGAL_REVIEW_REQUIRED
TX,Tarrant,220,https://comptroller.texas.gov/taxes/property-tax/county-directory/tarrant.php,Joe Don Bobbitt,www.tad.org,02/21/2025,DIRECTORY_LISTED,Rick D. Barnes,www.tarrantcounty.com/en/tax.html,02/21/2025,DIRECTORY_LISTED,Texas Comptroller of Public Accounts,2026-09-16,NO,LEGAL_REVIEW_REQUIRED
TX,Taylor,221,https://comptroller.texas.gov/taxes/property-tax/county-directory/taylor.php,Gary Earnest,www.taylor-cad.org,07/21/2026,DIRECTORY_LISTED,Kay Middleton,www.taylorcounty.texas.gov,05/02/2025,DIRECTORY_LISTED,Texas Comptroller of Public Accounts,2026-09-16,NO,LEGAL_REVIEW_REQUIRED
TX,Terrell,222,https://comptroller.texas.gov/taxes/property-tax/county-directory/terrell.php,Blain Chriesman,www.terrellcad.org,01/30/2025,DIRECTORY_LISTED,Thad Cleveland,www.co.terrell.tx.us,04/28/2025,DIRECTORY_LISTED,Texas Comptroller of Public Accounts,2026-09-16,NO,LEGAL_REVIEW_REQUIRED
TX,Terry,223,https://comptroller.texas.gov/taxes/property-tax/county-directory/terry.php,Eddie Olivas,terrycoad.org,12/02/2016,DIRECTORY_LISTED,Rexann Wilkes Furlow,www.co.terry.tx.us,09/20/2017,DIRECTORY_LISTED,Texas Comptroller of Public Accounts,2026-09-16,NO,LEGAL_REVIEW_REQUIRED
TX,Throckmorton,224,https://comptroller.texas.gov/taxes/property-tax/county-directory/throckmorton.php,Dede Smith,www.throckmortoncad.org,08/24/2026,DIRECTORY_LISTED,Glen Whitfield,www.throckmortoncounty.org,02/19/2025,DIRECTORY_LISTED,Texas Comptroller of Public Accounts,2026-09-16,NO,LEGAL_REVIEW_REQUIRED
TX,Titus,225,https://comptroller.texas.gov/taxes/property-tax/county-directory/titus.php,Shirley Dickerson,www.titus-cad.org,01/08/2019,DIRECTORY_LISTED,Melissa Stevens,www.co.titus.tx.us,04/29/2025,DIRECTORY_LISTED,Texas Comptroller of Public Accounts,2026-09-16,NO,LEGAL_REVIEW_REQUIRED
TX,Tom Green,226,https://comptroller.texas.gov/taxes/property-tax/county-directory/tomgreen.php,Tyler Johnson,www.tomgreencad.com,09/22/2021,DIRECTORY_LISTED,Becky Robles,www.tomgreencountytx.gov,02/19/2025,DIRECTORY_LISTED,Texas Comptroller of Public Accounts,2026-09-16,NO,LEGAL_REVIEW_REQUIRED
TX,Travis,227,https://comptroller.texas.gov/taxes/property-tax/county-directory/travis.php,Leana Mann,www.traviscad.org,08/19/2026,DIRECTORY_LISTED,Celia Israel,www.tax-office.traviscountytx.gov,04/29/2025,DIRECTORY_LISTED,Texas Comptroller of Public Accounts,2026-09-16,NO,LEGAL_REVIEW_REQUIRED
TX,Trinity,228,https://comptroller.texas.gov/taxes/property-tax/county-directory/trinity.php,Gary Gallant,trinitycad.net,02/19/2025,DIRECTORY_LISTED,Nancy Shanafelt,www.co.trinity.tx.us,01/20/2021,DIRECTORY_LISTED,Texas Comptroller of Public Accounts,2026-09-16,NO,LEGAL_REVIEW_REQUIRED
TX,Tyler,229,https://comptroller.texas.gov/taxes/property-tax/county-directory/tyler.php,Leighann Jones,www.tylercad.net,08/19/2026,DIRECTORY_LISTED,Melissa Carson,www.co.tyler.tx.us,02/19/2025,DIRECTORY_LISTED,Texas Comptroller of Public Accounts,2026-09-16,NO,LEGAL_REVIEW_REQUIRED
TX,Upshur,230,https://comptroller.texas.gov/taxes/property-tax/county-directory/upshur.php,Amanda Thibodeaux,www.upshur-cad.org,12/03/2021,DIRECTORY_LISTED,Luana Howell,www.countyofupshur.com,01/06/2017,DIRECTORY_LISTED,Texas Comptroller of Public Accounts,2026-09-16,NO,LEGAL_REVIEW_REQUIRED
TX,Upton,231,https://comptroller.texas.gov/taxes/property-tax/county-directory/upton.php,Linda Zarate,www.uptoncad.org,06/06/2022,DIRECTORY_LISTED,Monica Zarate,www.co.upton.tx.us,04/29/2025,DIRECTORY_LISTED,Texas Comptroller of Public Accounts,2026-09-16,NO,LEGAL_REVIEW_REQUIRED
TX,Uvalde,232,https://comptroller.texas.gov/taxes/property-tax/county-directory/uvalde.php,Roberto Valdez,www.uvaldecad.org,01/30/2025,DIRECTORY_LISTED,Rita Verstuyft,www.uvaldecounty.gov,04/29/2025,DIRECTORY_LISTED,Texas Comptroller of Public Accounts,2026-09-16,NO,LEGAL_REVIEW_REQUIRED
TX,Val Verde,233,https://comptroller.texas.gov/taxes/property-tax/county-directory/valverde.php,Jacqueline Casanova,www.valverdecad.org,09/16/2022,DIRECTORY_LISTED,Elodia Garcia,www.valverdecounty.texas.gov,01/20/2021,DIRECTORY_LISTED,Texas Comptroller of Public Accounts,2026-09-16,NO,LEGAL_REVIEW_REQUIRED
TX,Van Zandt,234,https://comptroller.texas.gov/taxes/property-tax/county-directory/vanzandt.php,Emily Reeves,www.vzcad.org,01/13/2023,DIRECTORY_LISTED,Misty Stanberry,www.vanzandtcounty.org,04/29/2025,DIRECTORY_LISTED,Texas Comptroller of Public Accounts,2026-09-16,NO,LEGAL_REVIEW_REQUIRED
TX,Victoria,235,https://comptroller.texas.gov/taxes/property-tax/county-directory/victoria.php,Keri Wickliffe,www.victoriacad.org,02/03/2025,DIRECTORY_LISTED,Ashley Hernandez,www.vctx.org,05/02/2025,DIRECTORY_LISTED,Texas Comptroller of Public Accounts,2026-09-16,NO,LEGAL_REVIEW_REQUIRED
TX,Walker,236,https://comptroller.texas.gov/taxes/property-tax/county-directory/walker.php,Stacey Poteete,walkercad.org,05/02/2025,DIRECTORY_LISTED,Diana L. McRae,www.co.walker.tx.us,04/23/2013,DIRECTORY_LISTED,Texas Comptroller of Public Accounts,2026-09-16,NO,LEGAL_REVIEW_REQUIRED
TX,Waller,237,https://comptroller.texas.gov/taxes/property-tax/county-directory/waller.php,Becky Gurrola,www.waller-cad.org,06/23/2026,DIRECTORY_LISTED,Carolyn Miedke,www.co.waller.tx.us,04/29/2025,DIRECTORY_LISTED,Texas Comptroller of Public Accounts,2026-09-16,NO,LEGAL_REVIEW_REQUIRED
TX,Ward,238,https://comptroller.texas.gov/taxes/property-tax/county-directory/ward.php,Norma Valdez,www.wardcad.org,05/15/2026,DIRECTORY_LISTED,Vicki Heflin,www.wardcountytax.org,09/16/2014,DIRECTORY_LISTED,Texas Comptroller of Public Accounts,2026-09-16,NO,LEGAL_REVIEW_REQUIRED
TX,Washington,239,https://comptroller.texas.gov/taxes/property-tax/county-directory/washington.php,Dyann White,www.washingtoncad.org,02/19/2025,DIRECTORY_LISTED,Cheryl Gaskamp,www.co.washington.tx.us,02/19/2025,DIRECTORY_LISTED,Texas Comptroller of Public Accounts,2026-09-16,NO,LEGAL_REVIEW_REQUIRED
TX,Webb,240,https://comptroller.texas.gov/taxes/property-tax/county-directory/webb.php,Bobby Peregoy,www.webbcad.org,01/30/2025,DIRECTORY_LISTED,Patricia Barrera,www.webbcountytx.gov,01/20/2021,DIRECTORY_LISTED,Texas Comptroller of Public Accounts,2026-09-16,NO,LEGAL_REVIEW_REQUIRED
TX,Wharton,241,https://comptroller.texas.gov/taxes/property-tax/county-directory/wharton.php,Irene Klein,www.whartoncad.net,05/06/2026,DIRECTORY_LISTED,Cindy Hernandez,www.co.wharton.tx.us,01/20/2021,DIRECTORY_LISTED,Texas Comptroller of Public Accounts,2026-09-16,NO,LEGAL_REVIEW_REQUIRED
TX,Wheeler,242,https://comptroller.texas.gov/taxes/property-tax/county-directory/wheeler.php,Kimberly Morgan,www.wheelercad.org,04/24/2026,DIRECTORY_LISTED,Cindy Brown,www.co.wheeler.tx.us,04/29/2025,DIRECTORY_LISTED,Texas Comptroller of Public Accounts,2026-09-16,NO,LEGAL_REVIEW_REQUIRED
TX,Wichita,243,https://comptroller.texas.gov/taxes/property-tax/county-directory/wichita.php,Denton Keltner,www.wadtx.com,01/16/2026,DIRECTORY_LISTED,Tommy Smyth,www.wichitatax.com,02/19/2025,DIRECTORY_LISTED,Texas Comptroller of Public Accounts,2026-09-16,NO,LEGAL_REVIEW_REQUIRED
TX,Wilbarger,244,https://comptroller.texas.gov/taxes/property-tax/county-directory/wilbarger.php,Sandy Burkett,www.wilbargerappraisal.org,10/16/2024,DIRECTORY_LISTED,Tissha Taylor,www.co.wilbarger.tx.us,10/16/2024,DIRECTORY_LISTED,Texas Comptroller of Public Accounts,2026-09-16,NO,LEGAL_REVIEW_REQUIRED
TX,Willacy,245,https://comptroller.texas.gov/taxes/property-tax/county-directory/willacy.php,Agustin Lopez,www.willacycad.org,08/29/2018,DIRECTORY_LISTED,Melissa Muniz,www.co.willacy.tx.us,02/19/2025,DIRECTORY_LISTED,Texas Comptroller of Public Accounts,2026-09-16,NO,LEGAL_REVIEW_REQUIRED
TX,Williamson,246,https://comptroller.texas.gov/taxes/property-tax/county-directory/williamson.php,Alvin Lankford,www.wcad.org,09/02/2026,DIRECTORY_LISTED,Catherine Totty,www.wilcotx.gov/taxoffice,07/22/2026,DIRECTORY_LISTED,Texas Comptroller of Public Accounts,2026-09-16,NO,LEGAL_REVIEW_REQUIRED
TX,Wilson,247,https://comptroller.texas.gov/taxes/property-tax/county-directory/wilson.php,Jennifer Coldewey,wilson-cad.org,03/29/2022,DIRECTORY_LISTED,Dawn Polasek Barnett,www.wilsoncountytx.gov,07/02/2021,DIRECTORY_LISTED,Texas Comptroller of Public Accounts,2026-09-16,NO,LEGAL_REVIEW_REQUIRED
TX,Winkler,248,https://comptroller.texas.gov/taxes/property-tax/county-directory/winkler.php,"Rhonda Shaw, Interim",www.winklercad.org,01/12/2026,DIRECTORY_LISTED,Minerva Soltero,www.co.winkler.tx.us,07/26/2023,DIRECTORY_LISTED,Texas Comptroller of Public Accounts,2026-09-16,NO,LEGAL_REVIEW_REQUIRED
TX,Wise,249,https://comptroller.texas.gov/taxes/property-tax/county-directory/wise.php,Deidra Deaton,www.wise-cad.com,07/21/2026,DIRECTORY_LISTED,Monte S. Shaw,www.co.wise.tx.us,02/21/2025,DIRECTORY_LISTED,Texas Comptroller of Public Accounts,2026-09-16,NO,LEGAL_REVIEW_REQUIRED
TX,Wood,250,https://comptroller.texas.gov/taxes/property-tax/county-directory/wood.php,Tracy Nichols,www.woodcad.net,01/01/2013,DIRECTORY_LISTED,Angie Luman,www.woodcountytax.com,04/29/2025,DIRECTORY_LISTED,Texas Comptroller of Public Accounts,2026-09-16,NO,LEGAL_REVIEW_REQUIRED
TX,Yoakum,251,https://comptroller.texas.gov/taxes/property-tax/county-directory/yoakum.php,Chris Hunt,www.yoakumcad.org,06/25/2024,DIRECTORY_LISTED,Ann Saxon,www.co.yoakum.tx.us,04/29/2025,DIRECTORY_LISTED,Texas Comptroller of Public Accounts,2026-09-16,NO,LEGAL_REVIEW_REQUIRED
TX,Young,252,https://comptroller.texas.gov/taxes/property-tax/county-directory/young.php,Jesse Blackmon,,01/30/2025,SOURCE_NOT_FOUND,Christina Centers,www.co.young.tx.us,04/29/2025,DIRECTORY_LISTED,Texas Comptroller of Public Accounts,2026-09-16,NO,LEGAL_REVIEW_REQUIRED
TX,Zapata,253,https://comptroller.texas.gov/taxes/property-tax/county-directory/zapata.php,"Roberto Montes, Jr.",zapatacad.com,01/16/2026,DIRECTORY_LISTED,Delia Mendoza,www.co.zapata.tx.us,04/29/2025,DIRECTORY_LISTED,Texas Comptroller of Public Accounts,2026-09-16,NO,LEGAL_REVIEW_REQUIRED
TX,Zavala,254,https://comptroller.texas.gov/taxes/property-tax/county-directory/zavala.php,Yolanda Lavenant,www.zavalacad.com,08/26/2020,DIRECTORY_LISTED,Rosario Benavidez,www.co.zavala.tx.us,02/19/2025,DIRECTORY_LISTED,Texas Comptroller of Public Accounts,2026-09-16,NO,LEGAL_REVIEW_REQUIRED
