County,Host
Angelina,angelina.texas.sheriffsaleauctions.com
Aransas,aransas.texas.sheriffsaleauctions.com
Atascosa,atascosa.texas.sheriffsaleauctions.com
Caldwell,caldwell.texas.sheriffsaleauctions.com
Cameron,cameron.texas.sheriffsaleauctions.com
Dallas,dallas.texas.sheriffsaleauctions.com
El Paso,elpaso.texas.sheriffsaleauctions.com
Ellis,ellis.texas.sheriffsaleauctions.com
Galveston,galveston.texas.sheriffsaleauctions.com
Gregg,gregg.texas.sheriffsaleauctions.com
Hopkins,hopkins.texas.sheriffsaleauctions.com
Jackson,jackson.texas.sheriffsaleauctions.com
Kaufman,kaufman.texas.sheriffsaleauctions.com
Llano,llano.texas.sheriffsaleauctions.com
Matagorda,matagorda.texas.sheriffsaleauctions.com
Montgomery,montgomery.texas.realforeclose.com
Nueces,nueces.texas.sheriffsaleauctions.com
Orange,orange.texas.sheriffsaleauctions.com
San Patricio,sanpatricio.texas.sheriffsaleauctions.com
Smith,smith.texas.sheriffsaleauctions.com
Travis,travis.texas.realforeclose.com
Tyler,tyler.texas.sheriffsaleauctions.com
Victoria,victoria.texas.sheriffsaleauctions.com
Wilson,wilson.texas.sheriffsaleauctions.com
